feature,position,ref,alt,gene,isolates_carrying,associated_drugs,gene_note,carrier_fraction
g_Rv0678_779181_CGGGGGG_CGGGGG,779181,CGGGGGG,CGGGGG,Rv0678,24,bedaquiline;clofazimine,MmpR5 transcriptional repressor,0.00244
g_Rv0678_779181_CGGGGGG_CGGGGGGG,779181,CGGGGGG,CGGGGGGG,Rv0678,67,bedaquiline;clofazimine,MmpR5 transcriptional repressor,0.00681
g_Rv0678_779350_G_A,779350,G,A,Rv0678,23,bedaquiline;clofazimine,MmpR5 transcriptional repressor,0.00234
g_Rv0678_779426_T_C,779426,T,C,Rv0678,24,bedaquiline;clofazimine,MmpR5 transcriptional repressor,0.00244
g_Rv0678_779615_G_C,779615,G,C,Rv0678,3261,bedaquiline;clofazimine,MmpR5 transcriptional repressor,0.33134
g_Rv0678_779625_C_T,779625,C,T,Rv0678,90,bedaquiline;clofazimine,MmpR5 transcriptional repressor,0.00914
g_Rv0678_779630_A_G,779630,A,G,Rv0678,37,bedaquiline;clofazimine,MmpR5 transcriptional repressor,0.00376
g_aftB_4266647_A_G,4266647,A,G,aftB,863,ethambutol,Arabinofuranosyltransferase,0.08769
g_aftB_4266668_C_T,4266668,C,T,aftB,149,ethambutol,Arabinofuranosyltransferase,0.01514
g_aftB_4266883_C_T,4266883,C,T,aftB,22,ethambutol,Arabinofuranosyltransferase,0.00224
g_aftB_4266937_C_T,4266937,C,T,aftB,83,ethambutol,Arabinofuranosyltransferase,0.00843
g_aftB_4266941_G_A,4266941,G,A,aftB,20,ethambutol,Arabinofuranosyltransferase,0.00203
g_aftB_4267272_T_C,4267272,T,C,aftB,44,ethambutol,Arabinofuranosyltransferase,0.00447
g_aftB_4267647_T_C,4267647,T,C,aftB,3278,ethambutol,Arabinofuranosyltransferase,0.33306
g_aftB_4267858_T_C,4267858,T,C,aftB,68,ethambutol,Arabinofuranosyltransferase,0.00691
g_aftB_4267873_G_C,4267873,G,C,aftB,22,ethambutol,Arabinofuranosyltransferase,0.00224
g_aftB_4267960_C_T,4267960,C,T,aftB,89,ethambutol,Arabinofuranosyltransferase,0.00904
g_ahpC_2726051_G_A,2726051,G,A,ahpC,546,isoniazid,Alkyl hydroperoxidase; compensatory,0.05548
g_ahpC_2726105_G_A,2726105,G,A,ahpC,856,isoniazid,Alkyl hydroperoxidase; compensatory,0.08697
g_ahpC_2726112_C_T,2726112,C,T,ahpC,23,isoniazid,Alkyl hydroperoxidase; compensatory,0.00234
g_ahpC_2726121_C_T,2726121,C,T,ahpC,31,isoniazid,Alkyl hydroperoxidase; compensatory,0.00315
g_ahpC_2726139_C_T,2726139,C,T,ahpC,29,isoniazid,Alkyl hydroperoxidase; compensatory,0.00295
g_ahpC_2726141_C_A,2726141,C,A,ahpC,75,isoniazid,Alkyl hydroperoxidase; compensatory,0.00762
g_ahpC_2726141_C_T,2726141,C,T,ahpC,93,isoniazid,Alkyl hydroperoxidase; compensatory,0.00945
g_ahpC_2726145_G_A,2726145,G,A,ahpC,72,isoniazid,Alkyl hydroperoxidase; compensatory,0.00732
g_ahpC_2726146_G_GT,2726146,G,GT,ahpC,44,isoniazid,Alkyl hydroperoxidase; compensatory,0.00447
g_ahpC_2726210_T_C,2726210,T,C,ahpC,54,isoniazid,Alkyl hydroperoxidase; compensatory,0.00549
g_ahpC_2726323_C_G,2726323,C,G,ahpC,25,isoniazid,Alkyl hydroperoxidase; compensatory,0.00254
g_ahpC_2726338_T_G,2726338,T,G,ahpC,192,isoniazid,Alkyl hydroperoxidase; compensatory,0.01951
g_ahpC_2726341_T_G,2726341,T,G,ahpC,144,isoniazid,Alkyl hydroperoxidase; compensatory,0.01463
g_ahpC_2726350_G_T,2726350,G,T,ahpC,90,isoniazid,Alkyl hydroperoxidase; compensatory,0.00914
g_ahpC_2726409_G_C,2726409,G,C,ahpC,43,isoniazid,Alkyl hydroperoxidase; compensatory,0.00437
g_ahpC_2726811_T_C,2726811,T,C,ahpC,95,isoniazid,Alkyl hydroperoxidase; compensatory,0.00965
g_ald_3086635_CA_CAA,3086635,CA,CAA,ald,49,cycloserine,Alanine dehydrogenase,0.00498
g_ald_3086728_C_T,3086728,C,T,ald,104,cycloserine,Alanine dehydrogenase,0.01057
g_ald_3086731_A_G,3086731,A,G,ald,546,cycloserine,Alanine dehydrogenase,0.05548
g_ald_3086739_G_A,3086739,G,A,ald,35,cycloserine,Alanine dehydrogenase,0.00356
g_ald_3086742_A_C,3086742,A,C,ald,349,cycloserine,Alanine dehydrogenase,0.03546
g_ald_3086788_T_C,3086788,T,C,ald,8793,cycloserine,Alanine dehydrogenase,0.89342
g_ald_3086951_TA_T,3086951,TA,T,ald,32,cycloserine,Alanine dehydrogenase,0.00325
g_ald_3086987_A_C,3086987,A,C,ald,48,cycloserine,Alanine dehydrogenase,0.00488
g_ald_3087084_CA_C,3087084,CA,C,ald,107,cycloserine,Alanine dehydrogenase,0.01087
g_ald_3087095_C_T,3087095,C,T,ald,25,cycloserine,Alanine dehydrogenase,0.00254
g_ald_3087252_GGCGC_GGCGCGC,3087252,GGCGC,GGCGCGC,ald,26,cycloserine,Alanine dehydrogenase,0.00264
g_ald_3087278_AGGGGG_AGGGG,3087278,AGGGGG,AGGGG,ald,108,cycloserine,Alanine dehydrogenase,0.01097
g_ald_3087532_C_A,3087532,C,A,ald,27,cycloserine,Alanine dehydrogenase,0.00274
g_ald_3087662_CA_C,3087662,CA,C,ald,20,cycloserine,Alanine dehydrogenase,0.00203
g_alr_3840259_A_C,3840259,A,C,alr,64,cycloserine,Alanine racemase,0.0065
g_alr_3840393_A_G,3840393,A,G,alr,30,cycloserine,Alanine racemase,0.00305
g_alr_3840719_T_C,3840719,T,C,alr,233,cycloserine,Alanine racemase,0.02367
g_alr_3840764_C_G,3840764,C,G,alr,112,cycloserine,Alanine racemase,0.01138
g_alr_3840952_T_C,3840952,T,C,alr,30,cycloserine,Alanine racemase,0.00305
g_alr_3841001_T_G,3841001,T,G,alr,21,cycloserine,Alanine racemase,0.00213
g_alr_3841083_A_C,3841083,A,C,alr,220,cycloserine,Alanine racemase,0.02235
g_alr_3841253_G_A,3841253,G,A,alr,42,cycloserine,Alanine racemase,0.00427
g_alr_3841356_G_A,3841356,G,A,alr,31,cycloserine,Alanine racemase,0.00315
g_alr_3841473_C_T,3841473,C,T,alr,114,cycloserine,Alanine racemase,0.01158
g_alr_3841562_T_C,3841562,T,C,alr,27,cycloserine,Alanine racemase,0.00274
g_atpE_1460907_T_C,1460907,T,C,atpE,81,bedaquiline,ATP synthase subunit c,0.00823
g_atpE_1460992_A_C,1460992,A,C,atpE,27,bedaquiline,ATP synthase subunit c,0.00274
g_atpE_1461251_G_T,1461251,G,T,atpE,31,bedaquiline,ATP synthase subunit c,0.00315
g_atpE_1461309_C_T,1461309,C,T,atpE,489,bedaquiline,ATP synthase subunit c,0.04969
g_ddn_3987057_C_T,3987057,C,T,ddn,29,delamanid;pretomanid,Deazaflavin-dependent nitroreductase,0.00295
g_ddn_3987084_G_A,3987084,G,A,ddn,22,delamanid;pretomanid,Deazaflavin-dependent nitroreductase,0.00224
g_ddn_3987370_CGG_CG,3987370,CGG,CG,ddn,3262,delamanid;pretomanid,Deazaflavin-dependent nitroreductase,0.33144
g_eis_2714308_G_A,2714308,G,A,eis,32,kanamycin;amikacin,Aminoglycoside acetyltransferase,0.00325
g_eis_2714526_GGTG_GG,2714526,GGTG,GG,eis,59,kanamycin;amikacin,Aminoglycoside acetyltransferase,0.00599
g_eis_2714566_A_G,2714566,A,G,eis,25,kanamycin;amikacin,Aminoglycoside acetyltransferase,0.00254
g_eis_2714846_C_T,2714846,C,T,eis,115,kanamycin;amikacin,Aminoglycoside acetyltransferase,0.01168
g_eis_2715125_T_C,2715125,T,C,eis,37,kanamycin;amikacin,Aminoglycoside acetyltransferase,0.00376
g_eis_2715291_C_G,2715291,C,G,eis,28,kanamycin;amikacin,Aminoglycoside acetyltransferase,0.00284
g_eis_2715342_C_T,2715342,C,T,eis,186,kanamycin;amikacin,Aminoglycoside acetyltransferase,0.0189
g_eis_2715344_G_A,2715344,G,A,eis,306,kanamycin;amikacin,Aminoglycoside acetyltransferase,0.03109
g_eis_2715346_G_A,2715346,G,A,eis,179,kanamycin;amikacin,Aminoglycoside acetyltransferase,0.01819
g_eis_2715369_C_A,2715369,C,A,eis,202,kanamycin;amikacin,Aminoglycoside acetyltransferase,0.02052
g_embA_4243346_A_G,4243346,A,G,embA,545,ethambutol,Arabinosyltransferase,0.05537
g_embA_4243392_A_G,4243392,A,G,embA,52,ethambutol,Arabinosyltransferase,0.00528
g_embA_4243460_C_T,4243460,C,T,embA,3251,ethambutol,Arabinosyltransferase,0.33032
g_embA_4243580_G_A,4243580,G,A,embA,81,ethambutol,Arabinosyltransferase,0.00823
g_embA_4243598_G_A,4243598,G,A,embA,20,ethambutol,Arabinosyltransferase,0.00203
g_embA_4243848_G_A,4243848,G,A,embA,268,ethambutol,Arabinosyltransferase,0.02723
g_embA_4244096_C_T,4244096,C,T,embA,31,ethambutol,Arabinosyltransferase,0.00315
g_embA_4244220_C_T,4244220,C,T,embA,110,ethambutol,Arabinosyltransferase,0.01118
g_embA_4244379_C_T,4244379,C,T,embA,30,ethambutol,Arabinosyltransferase,0.00305
g_embA_4244420_G_C,4244420,G,C,embA,89,ethambutol,Arabinosyltransferase,0.00904
g_embA_4244958_G_A,4244958,G,A,embA,22,ethambutol,Arabinosyltransferase,0.00224
g_embA_4245055_C_A,4245055,C,A,embA,85,ethambutol,Arabinosyltransferase,0.00864
g_embA_4245218_C_T,4245218,C,T,embA,25,ethambutol,Arabinosyltransferase,0.00254
g_embA_4245670_C_G,4245670,C,G,embA,81,ethambutol,Arabinosyltransferase,0.00823
g_embA_4245969_C_T,4245969,C,T,embA,543,ethambutol,Arabinosyltransferase,0.05517
g_embA_4246085_G_T,4246085,G,T,embA,22,ethambutol,Arabinosyltransferase,0.00224
g_embA_4246088_A_G,4246088,A,G,embA,28,ethambutol,Arabinosyltransferase,0.00284
g_embB_4246548_C_A,4246548,C,A,embB,26,ethambutol,Arabinosyltransferase,0.00264
g_embB_4246551_A_G,4246551,A,G,embB,68,ethambutol,Arabinosyltransferase,0.00691
g_embB_4246555_G_C,4246555,G,C,embB,29,ethambutol,Arabinosyltransferase,0.00295
g_embB_4246556_G_C,4246556,G,C,embB,28,ethambutol,Arabinosyltransferase,0.00284
g_embB_4246567_G_T,4246567,G,T,embB,35,ethambutol,Arabinosyltransferase,0.00356
g_embB_4246734_T_G,4246734,T,G,embB,39,ethambutol,Arabinosyltransferase,0.00396
g_embB_4246864_C_T,4246864,C,T,embB,100,ethambutol,Arabinosyltransferase,0.01016
g_embB_4246979_G_T,4246979,G,T,embB,80,ethambutol,Arabinosyltransferase,0.00813
g_embB_4247399_A_C,4247399,A,C,embB,42,ethambutol,Arabinosyltransferase,0.00427
g_embB_4247402_T_G,4247402,T,G,embB,60,ethambutol,Arabinosyltransferase,0.0061
g_embB_4247429_A_G,4247429,A,G,embB,1942,ethambutol,Arabinosyltransferase,0.19732
g_embB_4247429_A_C,4247429,A,C,embB,87,ethambutol,Arabinosyltransferase,0.00884
g_embB_4247431_G_C,4247431,G,C,embB,362,ethambutol,Arabinosyltransferase,0.03678
g_embB_4247431_G_T,4247431,G,T,embB,90,ethambutol,Arabinosyltransferase,0.00914
g_embB_4247431_G_A,4247431,G,A,embB,1434,ethambutol,Arabinosyltransferase,0.1457
g_embB_4247469_A_C,4247469,A,C,embB,91,ethambutol,Arabinosyltransferase,0.00925
g_embB_4247495_G_T,4247495,G,T,embB,31,ethambutol,Arabinosyltransferase,0.00315
g_embB_4247495_G_C,4247495,G,C,embB,25,ethambutol,Arabinosyltransferase,0.00254
g_embB_4247496_A_G,4247496,A,G,embB,46,ethambutol,Arabinosyltransferase,0.00467
g_embB_4247513_T_C,4247513,T,C,embB,29,ethambutol,Arabinosyltransferase,0.00295
g_embB_4247574_A_C,4247574,A,C,embB,313,ethambutol,Arabinosyltransferase,0.0318
g_embB_4247578_G_A,4247578,G,A,embB,81,ethambutol,Arabinosyltransferase,0.00823
g_embB_4247646_A_C,4247646,A,C,embB,649,ethambutol,Arabinosyltransferase,0.06594
g_embB_4247702_C_A,4247702,C,A,embB,20,ethambutol,Arabinosyltransferase,0.00203
g_embB_4247728_G_C,4247728,G,C,embB,45,ethambutol,Arabinosyltransferase,0.00457
g_embB_4247729_G_A,4247729,G,A,embB,99,ethambutol,Arabinosyltransferase,0.01006
g_embB_4247729_G_T,4247729,G,T,embB,26,ethambutol,Arabinosyltransferase,0.00264
g_embB_4247730_G_A,4247730,G,A,embB,205,ethambutol,Arabinosyltransferase,0.02083
g_embB_4247730_G_C,4247730,G,C,embB,251,ethambutol,Arabinosyltransferase,0.0255
g_embB_4247738_G_C,4247738,G,C,embB,34,ethambutol,Arabinosyltransferase,0.00345
g_embB_4247781_T_C,4247781,T,C,embB,25,ethambutol,Arabinosyltransferase,0.00254
g_embB_4247872_C_T,4247872,C,T,embB,21,ethambutol,Arabinosyltransferase,0.00213
g_embB_4248002_C_A,4248002,C,A,embB,90,ethambutol,Arabinosyltransferase,0.00914
g_embB_4248003_A_G,4248003,A,G,embB,528,ethambutol,Arabinosyltransferase,0.05365
g_embB_4248003_A_C,4248003,A,C,embB,45,ethambutol,Arabinosyltransferase,0.00457
g_embB_4248115_C_T,4248115,C,T,embB,116,ethambutol,Arabinosyltransferase,0.01179
g_embB_4248706_G_A,4248706,G,A,embB,28,ethambutol,Arabinosyltransferase,0.00284
g_embB_4249305_A_C,4249305,A,C,embB,23,ethambutol,Arabinosyltransferase,0.00234
g_embB_4249323_C_A,4249323,C,A,embB,92,ethambutol,Arabinosyltransferase,0.00935
g_embB_4249408_G_A,4249408,G,A,embB,537,ethambutol,Arabinosyltransferase,0.05456
g_embB_4249518_A_G,4249518,A,G,embB,40,ethambutol,Arabinosyltransferase,0.00406
g_embB_4249583_G_A,4249583,G,A,embB,174,ethambutol,Arabinosyltransferase,0.01768
g_embB_4249594_G_A,4249594,G,A,embB,144,ethambutol,Arabinosyltransferase,0.01463
g_embB_4249678_C_A,4249678,C,A,embB,44,ethambutol,Arabinosyltransferase,0.00447
g_embB_4249732_C_G,4249732,C,G,embB,67,ethambutol,Arabinosyltransferase,0.00681
g_embB_4249757_A_G,4249757,A,G,embB,43,ethambutol,Arabinosyltransferase,0.00437
g_embC_4239763_C_T,4239763,C,T,embC,124,ethambutol,Arabinosyltransferase,0.0126
g_embC_4240172_G_A,4240172,G,A,embC,117,ethambutol,Arabinosyltransferase,0.01189
g_embC_4240671_C_T,4240671,C,T,embC,656,ethambutol,Arabinosyltransferase,0.06665
g_embC_4240897_C_G,4240897,C,G,embC,115,ethambutol,Arabinosyltransferase,0.01168
g_embC_4241042_A_G,4241042,A,G,embC,544,ethambutol,Arabinosyltransferase,0.05527
g_embC_4241465_T_C,4241465,T,C,embC,24,ethambutol,Arabinosyltransferase,0.00244
g_embC_4241539_T_C,4241539,T,C,embC,24,ethambutol,Arabinosyltransferase,0.00244
g_embC_4241562_G_A,4241562,G,A,embC,121,ethambutol,Arabinosyltransferase,0.01229
g_embC_4241843_C_A,4241843,C,A,embC,31,ethambutol,Arabinosyltransferase,0.00315
g_embC_4242075_G_A,4242075,G,A,embC,854,ethambutol,Arabinosyltransferase,0.08677
g_embC_4242182_G_T,4242182,G,T,embC,303,ethambutol,Arabinosyltransferase,0.03079
g_embC_4242550_C_G,4242550,C,G,embC,24,ethambutol,Arabinosyltransferase,0.00244
g_embC_4242643_C_T,4242643,C,T,embC,9640,ethambutol,Arabinosyltransferase,0.97948
g_embC_4242803_G_C,4242803,G,C,embC,1366,ethambutol,Arabinosyltransferase,0.13879
g_embC_4242970_C_T,4242970,C,T,embC,68,ethambutol,Arabinosyltransferase,0.00691
g_ethA_4325923_G_A,4325923,G,A,ethA,176,ethionamide,Prodrug activation monooxygenase,0.01788
g_ethA_4326083_T_C,4326083,T,C,ethA,22,ethionamide,Prodrug activation monooxygenase,0.00224
g_ethA_4326087_GT_G,4326087,GT,G,ethA,174,ethionamide,Prodrug activation monooxygenase,0.01768
g_ethA_4326116_G_A,4326116,G,A,ethA,29,ethionamide,Prodrug activation monooxygenase,0.00295
g_ethA_4326148_C_A,4326148,C,A,ethA,170,ethionamide,Prodrug activation monooxygenase,0.01727
g_ethA_4326249_TGTAATTCAAC_T,4326249,TGTAATTCAAC,T,ethA,28,ethionamide,Prodrug activation monooxygenase,0.00284
g_ethA_4326279_ACACCA_ACACCACCA,4326279,ACACCA,ACACCACCA,ethA,103,ethionamide,Prodrug activation monooxygenase,0.01047
g_ethA_4326333_C_G,4326333,C,G,ethA,267,ethionamide,Prodrug activation monooxygenase,0.02713
g_ethA_4326341_G_A,4326341,G,A,ethA,58,ethionamide,Prodrug activation monooxygenase,0.00589
g_ethA_4326419_GCCCC_GCCC,4326419,GCCCC,GCCC,ethA,21,ethionamide,Prodrug activation monooxygenase,0.00213
g_ethA_4326439_G_T,4326439,G,T,ethA,186,ethionamide,Prodrug activation monooxygenase,0.0189
g_ethA_4326463_GA_G,4326463,GA,G,ethA,25,ethionamide,Prodrug activation monooxygenase,0.00254
g_ethA_4326465_T_C,4326465,T,C,ethA,31,ethionamide,Prodrug activation monooxygenase,0.00315
g_ethA_4326474_G_C,4326474,G,C,ethA,40,ethionamide,Prodrug activation monooxygenase,0.00406
g_ethA_4326533_G_A,4326533,G,A,ethA,216,ethionamide,Prodrug activation monooxygenase,0.02195
g_ethA_4326604_GT_GTT,4326604,GT,GTT,ethA,104,ethionamide,Prodrug activation monooxygenase,0.01057
g_ethA_4326632_T_G,4326632,T,G,ethA,63,ethionamide,Prodrug activation monooxygenase,0.0064
g_ethA_4326643_GTCGTACCCCTC_G,4326643,GTCGTACCCCTC,G,ethA,24,ethionamide,Prodrug activation monooxygenase,0.00244
g_ethA_4326676_G_C,4326676,G,C,ethA,97,ethionamide,Prodrug activation monooxygenase,0.00986
g_ethA_4326705_GCC_GC,4326705,GCC,GC,ethA,71,ethionamide,Prodrug activation monooxygenase,0.00721
g_ethA_4326707_C_T,4326707,C,T,ethA,30,ethionamide,Prodrug activation monooxygenase,0.00305
g_ethA_4326718_GGCGC_GGCGCGC,4326718,GGCGC,GGCGCGC,ethA,33,ethionamide,Prodrug activation monooxygenase,0.00335
g_ethA_4326721_GC_GCC,4326721,GC,GCC,ethA,40,ethionamide,Prodrug activation monooxygenase,0.00406
g_ethA_4326739_G_C,4326739,G,C,ethA,45,ethionamide,Prodrug activation monooxygenase,0.00457
g_ethA_4326801_GC_GCC,4326801,GC,GCC,ethA,24,ethionamide,Prodrug activation monooxygenase,0.00244
g_ethA_4326833_GACAC_GAC,4326833,GACAC,GAC,ethA,36,ethionamide,Prodrug activation monooxygenase,0.00366
g_ethA_4326842_T_G,4326842,T,G,ethA,32,ethionamide,Prodrug activation monooxygenase,0.00325
g_ethA_4327033_G_C,4327033,G,C,ethA,22,ethionamide,Prodrug activation monooxygenase,0.00224
g_ethA_4327363_CTTTT_CTTT,4327363,CTTTT,CTTT,ethA,111,ethionamide,Prodrug activation monooxygenase,0.01128
g_ethA_4327472_A_C,4327472,A,C,ethA,46,ethionamide,Prodrug activation monooxygenase,0.00467
g_ethA_4327480_A_G,4327480,A,G,ethA,199,ethionamide,Prodrug activation monooxygenase,0.02022
g_ethA_4327484_T_C,4327484,T,C,ethA,403,ethionamide,Prodrug activation monooxygenase,0.04095
g_ethR_4327831_G_A,4327831,G,A,ethR,83,ethionamide,ethA repressor,0.00843
g_ethR_4328004_G_A,4328004,G,A,ethR,44,ethionamide,ethA repressor,0.00447
g_ethR_4328127_G_C,4328127,G,C,ethR,26,ethionamide,ethA repressor,0.00264
g_ethR_4328212_CGGGGG_CGGGG,4328212,CGGGGG,CGGGG,ethR,30,ethionamide,ethA repressor,0.00305
g_ethR_4328317_G_A,4328317,G,A,ethR,124,ethionamide,ethA repressor,0.0126
g_ethR_4328376_C_G,4328376,C,G,ethR,144,ethionamide,ethA repressor,0.01463
g_fabG1_1673249_C_T,1673249,C,T,fabG1,20,isoniazid;ethionamide,inhA operon promoter region,0.00203
g_fabG1_1673380_C_G,1673380,C,G,fabG1,80,isoniazid;ethionamide,inhA operon promoter region,0.00813
g_fabG1_1673406_C_T,1673406,C,T,fabG1,25,isoniazid;ethionamide,inhA operon promoter region,0.00254
g_fabG1_1673423_G_T,1673423,G,T,fabG1,247,isoniazid;ethionamide,inhA operon promoter region,0.0251
g_fabG1_1673425_C_T,1673425,C,T,fabG1,1565,isoniazid;ethionamide,inhA operon promoter region,0.15901
g_fabG1_1673432_T_C,1673432,T,C,fabG1,247,isoniazid;ethionamide,inhA operon promoter region,0.0251
g_fabG1_1673432_T_A,1673432,T,A,fabG1,361,isoniazid;ethionamide,inhA operon promoter region,0.03668
g_fabG1_1674048_G_A,1674048,G,A,fabG1,327,isoniazid;ethionamide,inhA operon promoter region,0.03322
g_fabG1_1674102_C_A,1674102,C,A,fabG1,21,isoniazid;ethionamide,inhA operon promoter region,0.00213
g_fabG1_1674162_C_T,1674162,C,T,fabG1,67,isoniazid;ethionamide,inhA operon promoter region,0.00681
g_fabG1_1674210_A_C,1674210,A,C,fabG1,31,isoniazid;ethionamide,inhA operon promoter region,0.00315
g_fabG1_1674262_A_G,1674262,A,G,fabG1,24,isoniazid;ethionamide,inhA operon promoter region,0.00244
g_fabG1_1674263_T_C,1674263,T,C,fabG1,110,isoniazid;ethionamide,inhA operon promoter region,0.01118
g_fbiA_3640557_T_C,3640557,T,C,fbiA,89,delamanid;pretomanid,F420 biosynthesis,0.00904
g_fbiA_3640879_C_T,3640879,C,T,fbiA,40,delamanid;pretomanid,F420 biosynthesis,0.00406
g_fbiA_3641164_A_G,3641164,A,G,fbiA,20,delamanid;pretomanid,F420 biosynthesis,0.00203
g_fbiA_3641332_G_A,3641332,G,A,fbiA,33,delamanid;pretomanid,F420 biosynthesis,0.00335
g_fbiA_3641447_C_T,3641447,C,T,fbiA,115,delamanid;pretomanid,F420 biosynthesis,0.01168
g_fbiC_1302917_GAA_GAAA,1302917,GAA,GAAA,fbiC,21,delamanid;pretomanid,F420 biosynthesis,0.00213
g_fbiC_1302920_G_A,1302920,G,A,fbiC,30,delamanid;pretomanid,F420 biosynthesis,0.00305
g_fbiC_1302954_G_A,1302954,G,A,fbiC,40,delamanid;pretomanid,F420 biosynthesis,0.00406
g_fbiC_1303016_T_G,1303016,T,G,fbiC,115,delamanid;pretomanid,F420 biosynthesis,0.01168
g_fbiC_1303095_G_A,1303095,G,A,fbiC,167,delamanid;pretomanid,F420 biosynthesis,0.01697
g_fbiC_1303312_A_G,1303312,A,G,fbiC,36,delamanid;pretomanid,F420 biosynthesis,0.00366
g_fbiC_1303601_A_G,1303601,A,G,fbiC,40,delamanid;pretomanid,F420 biosynthesis,0.00406
g_fbiC_1304159_T_G,1304159,T,G,fbiC,119,delamanid;pretomanid,F420 biosynthesis,0.01209
g_fbiC_1304166_A_G,1304166,A,G,fbiC,40,delamanid;pretomanid,F420 biosynthesis,0.00406
g_fbiC_1304443_G_A,1304443,G,A,fbiC,27,delamanid;pretomanid,F420 biosynthesis,0.00274
g_fbiC_1304610_C_T,1304610,C,T,fbiC,125,delamanid;pretomanid,F420 biosynthesis,0.0127
g_fbiC_1304962_T_G,1304962,T,G,fbiC,134,delamanid;pretomanid,F420 biosynthesis,0.01362
g_fgd1_491591_A_T,491591,A,T,fgd1,675,delamanid;pretomanid,Nitroimidazole prodrug activation,0.06858
g_fgd1_491668_A_G,491668,A,G,fgd1,32,delamanid;pretomanid,Nitroimidazole prodrug activation,0.00325
g_fgd1_491742_T_C,491742,T,C,fgd1,4785,delamanid;pretomanid,Nitroimidazole prodrug activation,0.48618
g_fgd1_492150_G_C,492150,G,C,fgd1,4785,delamanid;pretomanid,Nitroimidazole prodrug activation,0.48618
g_fgd1_492655_G_A,492655,G,A,fgd1,548,delamanid;pretomanid,Nitroimidazole prodrug activation,0.05568
g_fgd1_492748_C_T,492748,C,T,fgd1,131,delamanid;pretomanid,Nitroimidazole prodrug activation,0.01331
g_fgd1_492915_A_G,492915,A,G,fgd1,83,delamanid;pretomanid,Nitroimidazole prodrug activation,0.00843
g_folC_2746277_T_C,2746277,T,C,folC,27,para-aminosalicylic_acid,Dihydrofolate synthase,0.00274
g_folC_2746340_G_A,2746340,G,A,folC,215,para-aminosalicylic_acid,Dihydrofolate synthase,0.02185
g_folC_2746747_C_G,2746747,C,G,folC,48,para-aminosalicylic_acid,Dihydrofolate synthase,0.00488
g_folC_2747022_C_T,2747022,C,T,folC,20,para-aminosalicylic_acid,Dihydrofolate synthase,0.00203
g_folC_2747151_T_C,2747151,T,C,folC,61,para-aminosalicylic_acid,Dihydrofolate synthase,0.0062
g_folC_2747453_C_T,2747453,C,T,folC,49,para-aminosalicylic_acid,Dihydrofolate synthase,0.00498
g_folC_2747454_G_A,2747454,G,A,folC,20,para-aminosalicylic_acid,Dihydrofolate synthase,0.00203
g_folC_2747471_A_G,2747471,A,G,folC,59,para-aminosalicylic_acid,Dihydrofolate synthase,0.00599
g_folC_2747471_A_C,2747471,A,C,folC,29,para-aminosalicylic_acid,Dihydrofolate synthase,0.00295
g_folC_2747480_T_C,2747480,T,C,folC,69,para-aminosalicylic_acid,Dihydrofolate synthase,0.00701
g_gid_4407428_G_C,4407428,G,C,gid,143,streptomycin,16S rRNA methyltransferase,0.01453
g_gid_4407490_C_G,4407490,C,G,gid,45,streptomycin,16S rRNA methyltransferase,0.00457
g_gid_4407588_T_C,4407588,T,C,gid,4787,streptomycin,16S rRNA methyltransferase,0.48638
g_gid_4407620_A_G,4407620,A,G,gid,107,streptomycin,16S rRNA methyltransferase,0.01087
g_gid_4407720_G_C,4407720,G,C,gid,82,streptomycin,16S rRNA methyltransferase,0.00833
g_gid_4407742_C_G,4407742,C,G,gid,22,streptomycin,16S rRNA methyltransferase,0.00224
g_gid_4407758_T_G,4407758,T,G,gid,25,streptomycin,16S rRNA methyltransferase,0.00254
g_gid_4407768_C_A,4407768,C,A,gid,34,streptomycin,16S rRNA methyltransferase,0.00345
g_gid_4407780_C_T,4407780,C,T,gid,61,streptomycin,16S rRNA methyltransferase,0.0062
g_gid_4407790_G_A,4407790,G,A,gid,63,streptomycin,16S rRNA methyltransferase,0.0064
g_gid_4407790_G_T,4407790,G,T,gid,20,streptomycin,16S rRNA methyltransferase,0.00203
g_gid_4407798_C_A,4407798,C,A,gid,163,streptomycin,16S rRNA methyltransferase,0.01656
g_gid_4407802_G_T,4407802,G,T,gid,34,streptomycin,16S rRNA methyltransferase,0.00345
g_gid_4407816_GCCC_GCC,4407816,GCCC,GCC,gid,21,streptomycin,16S rRNA methyltransferase,0.00213
g_gid_4407830_G_A,4407830,G,A,gid,21,streptomycin,16S rRNA methyltransferase,0.00213
g_gid_4407848_C_T,4407848,C,T,gid,96,streptomycin,16S rRNA methyltransferase,0.00975
g_gid_4407851_GCCCCC_GCCCC,4407851,GCCCCC,GCCCC,gid,110,streptomycin,16S rRNA methyltransferase,0.01118
g_gid_4407851_GCCCCC_GCCCCCC,4407851,GCCCCC,GCCCCCC,gid,20,streptomycin,16S rRNA methyltransferase,0.00203
g_gid_4407873_C_A,4407873,C,A,gid,546,streptomycin,16S rRNA methyltransferase,0.05548
g_gid_4407916_C_A,4407916,C,A,gid,20,streptomycin,16S rRNA methyltransferase,0.00203
g_gid_4407922_A_T,4407922,A,T,gid,25,streptomycin,16S rRNA methyltransferase,0.00254
g_gid_4407927_T_G,4407927,T,G,gid,3262,streptomycin,16S rRNA methyltransferase,0.33144
g_gid_4407934_A_C,4407934,A,C,gid,34,streptomycin,16S rRNA methyltransferase,0.00345
g_gid_4407952_G_A,4407952,G,A,gid,39,streptomycin,16S rRNA methyltransferase,0.00396
g_gid_4407965_C_G,4407965,C,G,gid,26,streptomycin,16S rRNA methyltransferase,0.00264
g_gid_4407967_A_G,4407967,A,G,gid,383,streptomycin,16S rRNA methyltransferase,0.03891
g_gid_4407967_A_C,4407967,A,C,gid,82,streptomycin,16S rRNA methyltransferase,0.00833
g_gid_4407973_A_C,4407973,A,C,gid,46,streptomycin,16S rRNA methyltransferase,0.00467
g_gid_4407980_G_A,4407980,G,A,gid,28,streptomycin,16S rRNA methyltransferase,0.00284
g_gid_4407985_C_G,4407985,C,G,gid,37,streptomycin,16S rRNA methyltransferase,0.00376
g_gid_4407986_C_T,4407986,C,T,gid,55,streptomycin,16S rRNA methyltransferase,0.00559
g_gid_4407997_C_T,4407997,C,T,gid,43,streptomycin,16S rRNA methyltransferase,0.00437
g_gid_4408003_T_C,4408003,T,C,gid,74,streptomycin,16S rRNA methyltransferase,0.00752
g_gid_4408022_GTT_GT,4408022,GTT,GT,gid,39,streptomycin,16S rRNA methyltransferase,0.00396
g_gid_4408042_A_G,4408042,A,G,gid,58,streptomycin,16S rRNA methyltransferase,0.00589
g_gid_4408054_A_C,4408054,A,C,gid,49,streptomycin,16S rRNA methyltransferase,0.00498
g_gid_4408087_CGGGG_CGGG,4408087,CGGGG,CGGG,gid,116,streptomycin,16S rRNA methyltransferase,0.01179
g_gid_4408094_C_T,4408094,C,T,gid,31,streptomycin,16S rRNA methyltransferase,0.00315
g_gid_4408095_CA_C,4408095,CA,C,gid,36,streptomycin,16S rRNA methyltransferase,0.00366
g_gid_4408100_GCCCCC_GCCCC,4408100,GCCCCC,GCCCC,gid,225,streptomycin,16S rRNA methyltransferase,0.02286
g_gid_4408156_A_C,4408156,A,C,gid,1889,streptomycin,16S rRNA methyltransferase,0.19193
g_gid_4408213_G_A,4408213,G,A,gid,28,streptomycin,16S rRNA methyltransferase,0.00284
g_gyrA_7539_A_G,7539,A,G,gyrA,92,levofloxacin;moxifloxacin,Fluoroquinolone target,0.00935
g_gyrA_7563_G_T,7563,G,T,gyrA,27,levofloxacin;moxifloxacin,Fluoroquinolone target,0.00274
g_gyrA_7570_C_T,7570,C,T,gyrA,729,levofloxacin;moxifloxacin,Fluoroquinolone target,0.07407
g_gyrA_7572_T_C,7572,T,C,gyrA,135,levofloxacin;moxifloxacin,Fluoroquinolone target,0.01372
g_gyrA_7581_G_A,7581,G,A,gyrA,115,levofloxacin;moxifloxacin,Fluoroquinolone target,0.01168
g_gyrA_7581_G_C,7581,G,C,gyrA,51,levofloxacin;moxifloxacin,Fluoroquinolone target,0.00518
g_gyrA_7581_G_T,7581,G,T,gyrA,114,levofloxacin;moxifloxacin,Fluoroquinolone target,0.01158
g_gyrA_7582_A_G,7582,A,G,gyrA,653,levofloxacin;moxifloxacin,Fluoroquinolone target,0.06635
g_gyrA_7582_A_C,7582,A,C,gyrA,249,levofloxacin;moxifloxacin,Fluoroquinolone target,0.0253
g_gyrA_7585_G_C,7585,G,C,gyrA,9141,levofloxacin;moxifloxacin,Fluoroquinolone target,0.92877
g_gyrA_7879_A_G,7879,A,G,gyrA,45,levofloxacin;moxifloxacin,Fluoroquinolone target,0.00457
g_gyrA_7892_G_A,7892,G,A,gyrA,69,levofloxacin;moxifloxacin,Fluoroquinolone target,0.00701
g_gyrA_8040_G_A,8040,G,A,gyrA,1088,levofloxacin;moxifloxacin,Fluoroquinolone target,0.11055
g_gyrA_8056_G_T,8056,G,T,gyrA,26,levofloxacin;moxifloxacin,Fluoroquinolone target,0.00264
g_gyrA_8101_C_T,8101,C,T,gyrA,21,levofloxacin;moxifloxacin,Fluoroquinolone target,0.00213
g_gyrA_8285_C_T,8285,C,T,gyrA,68,levofloxacin;moxifloxacin,Fluoroquinolone target,0.00691
g_gyrA_8414_C_T,8414,C,T,gyrA,22,levofloxacin;moxifloxacin,Fluoroquinolone target,0.00224
g_gyrA_8452_C_T,8452,C,T,gyrA,548,levofloxacin;moxifloxacin,Fluoroquinolone target,0.05568
g_gyrA_8668_C_T,8668,C,T,gyrA,23,levofloxacin;moxifloxacin,Fluoroquinolone target,0.00234
g_gyrA_8688_G_T,8688,G,T,gyrA,110,levofloxacin;moxifloxacin,Fluoroquinolone target,0.01118
g_gyrA_8741_C_T,8741,C,T,gyrA,29,levofloxacin;moxifloxacin,Fluoroquinolone target,0.00295
g_gyrA_8948_G_A,8948,G,A,gyrA,24,levofloxacin;moxifloxacin,Fluoroquinolone target,0.00244
g_gyrA_9047_C_T,9047,C,T,gyrA,69,levofloxacin;moxifloxacin,Fluoroquinolone target,0.00701
g_gyrA_9138_C_G,9138,C,G,gyrA,117,levofloxacin;moxifloxacin,Fluoroquinolone target,0.01189
g_gyrA_9143_T_C,9143,T,C,gyrA,655,levofloxacin;moxifloxacin,Fluoroquinolone target,0.06655
g_gyrA_9217_A_C,9217,A,C,gyrA,53,levofloxacin;moxifloxacin,Fluoroquinolone target,0.00539
g_gyrA_9260_G_C,9260,G,C,gyrA,89,levofloxacin;moxifloxacin,Fluoroquinolone target,0.00904
g_gyrA_9304_G_A,9304,G,A,gyrA,9143,levofloxacin;moxifloxacin,Fluoroquinolone target,0.92898
g_gyrA_9443_G_A,9443,G,A,gyrA,69,levofloxacin;moxifloxacin,Fluoroquinolone target,0.00701
g_gyrA_9525_G_C,9525,G,C,gyrA,22,levofloxacin;moxifloxacin,Fluoroquinolone target,0.00224
g_gyrA_9557_G_C,9557,G,C,gyrA,113,levofloxacin;moxifloxacin,Fluoroquinolone target,0.01148
g_gyrA_9596_G_T,9596,G,T,gyrA,48,levofloxacin;moxifloxacin,Fluoroquinolone target,0.00488
g_gyrA_9841_C_T,9841,C,T,gyrA,348,levofloxacin;moxifloxacin,Fluoroquinolone target,0.03536
g_gyrA_9944_A_C,9944,A,C,gyrA,161,levofloxacin;moxifloxacin,Fluoroquinolone target,0.01636
g_gyrB_5075_C_T,5075,C,T,gyrB,187,levofloxacin;moxifloxacin,Fluoroquinolone target,0.019
g_gyrB_5076_GT_GTT,5076,GT,GTT,gyrB,26,levofloxacin;moxifloxacin,Fluoroquinolone target,0.00264
g_gyrB_5078_CGGG_CGGGG,5078,CGGG,CGGGG,gyrB,21,levofloxacin;moxifloxacin,Fluoroquinolone target,0.00213
g_gyrB_5520_C_T,5520,C,T,gyrB,150,levofloxacin;moxifloxacin,Fluoroquinolone target,0.01524
g_gyrB_5752_G_A,5752,G,A,gyrB,68,levofloxacin;moxifloxacin,Fluoroquinolone target,0.00691
g_gyrB_6052_T_G,6052,T,G,gyrB,56,levofloxacin;moxifloxacin,Fluoroquinolone target,0.00569
g_gyrB_6112_G_C,6112,G,C,gyrB,546,levofloxacin;moxifloxacin,Fluoroquinolone target,0.05548
g_gyrB_6124_C_T,6124,C,T,gyrB,178,levofloxacin;moxifloxacin,Fluoroquinolone target,0.01809
g_gyrB_6140_G_T,6140,G,T,gyrB,240,levofloxacin;moxifloxacin,Fluoroquinolone target,0.02439
g_gyrB_6144_A_G,6144,A,G,gyrB,50,levofloxacin;moxifloxacin,Fluoroquinolone target,0.00508
g_gyrB_6406_C_T,6406,C,T,gyrB,68,levofloxacin;moxifloxacin,Fluoroquinolone target,0.00691
g_gyrB_6446_G_T,6446,G,T,gyrB,109,levofloxacin;moxifloxacin,Fluoroquinolone target,0.01107
g_gyrB_6579_C_T,6579,C,T,gyrB,23,levofloxacin;moxifloxacin,Fluoroquinolone target,0.00234
g_gyrB_6608_G_C,6608,G,C,gyrB,21,levofloxacin;moxifloxacin,Fluoroquinolone target,0.00213
g_gyrB_6620_G_A,6620,G,A,gyrB,28,levofloxacin;moxifloxacin,Fluoroquinolone target,0.00284
g_gyrB_6735_A_C,6735,A,C,gyrB,22,levofloxacin;moxifloxacin,Fluoroquinolone target,0.00224
g_gyrB_6738_C_A,6738,C,A,gyrB,22,levofloxacin;moxifloxacin,Fluoroquinolone target,0.00224
g_gyrB_6742_A_C,6742,A,C,gyrB,25,levofloxacin;moxifloxacin,Fluoroquinolone target,0.00254
g_gyrB_6815_A_C,6815,A,C,gyrB,57,levofloxacin;moxifloxacin,Fluoroquinolone target,0.00579
g_gyrB_6817_G_A,6817,G,A,gyrB,82,levofloxacin;moxifloxacin,Fluoroquinolone target,0.00833
g_gyrB_7221_G_C,7221,G,C,gyrB,55,levofloxacin;moxifloxacin,Fluoroquinolone target,0.00559
g_gyrB_7222_C_T,7222,C,T,gyrB,149,levofloxacin;moxifloxacin,Fluoroquinolone target,0.01514
g_gyrB_7268_C_T,7268,C,T,gyrB,169,levofloxacin;moxifloxacin,Fluoroquinolone target,0.01717
g_inhA_1674434_T_C,1674434,T,C,inhA,31,isoniazid;ethionamide,Enoyl-ACP reductase,0.00315
g_inhA_1674465_C_T,1674465,C,T,inhA,27,isoniazid;ethionamide,Enoyl-ACP reductase,0.00274
g_inhA_1674481_T_G,1674481,T,G,inhA,168,isoniazid;ethionamide,Enoyl-ACP reductase,0.01707
g_inhA_1674782_T_C,1674782,T,C,inhA,151,isoniazid;ethionamide,Enoyl-ACP reductase,0.01534
g_inhA_1675173_C_T,1675173,C,T,inhA,22,isoniazid;ethionamide,Enoyl-ACP reductase,0.00224
g_inhA_1675193_C_G,1675193,C,G,inhA,59,isoniazid;ethionamide,Enoyl-ACP reductase,0.00599
g_kasA_2518076_C_T,2518076,C,T,kasA,676,isoniazid,Beta-ketoacyl-ACP synthase,0.06869
g_kasA_2518132_C_T,2518132,C,T,kasA,655,isoniazid,Beta-ketoacyl-ACP synthase,0.06655
g_kasA_2518496_C_T,2518496,C,T,kasA,61,isoniazid,Beta-ketoacyl-ACP synthase,0.0062
g_kasA_2518919_G_A,2518919,G,A,kasA,1085,isoniazid,Beta-ketoacyl-ACP synthase,0.11024
g_kasA_2519048_G_A,2519048,G,A,kasA,81,isoniazid,Beta-ketoacyl-ACP synthase,0.00823
g_katG_2153725_CTCATCCCCGTCx73f2fb_CTCATCCCCGTCx857462,2153725,CTCATCCCCGTCTCGTCATCCCCGTCTCGTC,CTCATCCCCGTCTCGTC,katG,3270,isoniazid,Catalase-peroxidase; prodrug activation,0.33225
g_katG_2153739_G_C,2153739,G,C,katG,655,isoniazid,Catalase-peroxidase; prodrug activation,0.06655
g_katG_2153813_A_C,2153813,A,C,katG,126,isoniazid,Catalase-peroxidase; prodrug activation,0.0128
g_katG_2153970_A_C,2153970,A,C,katG,23,isoniazid,Catalase-peroxidase; prodrug activation,0.00234
g_katG_2154459_G_A,2154459,G,A,katG,67,isoniazid,Catalase-peroxidase; prodrug activation,0.00681
g_katG_2154678_C_G,2154678,C,G,katG,43,isoniazid,Catalase-peroxidase; prodrug activation,0.00437
g_katG_2154724_C_A,2154724,C,A,katG,4770,isoniazid,Catalase-peroxidase; prodrug activation,0.48466
g_katG_2154769_T_G,2154769,T,G,katG,50,isoniazid,Catalase-peroxidase; prodrug activation,0.00508
g_katG_2155109_T_C,2155109,T,C,katG,21,isoniazid,Catalase-peroxidase; prodrug activation,0.00213
g_katG_2155167_G_T,2155167,G,T,katG,74,isoniazid,Catalase-peroxidase; prodrug activation,0.00752
g_katG_2155168_C_G,2155168,C,G,katG,6404,isoniazid,Catalase-peroxidase; prodrug activation,0.65068
g_katG_2155168_C_T,2155168,C,T,katG,128,isoniazid,Catalase-peroxidase; prodrug activation,0.01301
g_katG_2155389_G_C,2155389,G,C,katG,22,isoniazid,Catalase-peroxidase; prodrug activation,0.00224
g_katG_2155503_G_A,2155503,G,A,katG,105,isoniazid,Catalase-peroxidase; prodrug activation,0.01067
g_katG_2155541_A_C,2155541,A,C,katG,21,isoniazid,Catalase-peroxidase; prodrug activation,0.00213
g_katG_2156025_G_T,2156025,G,T,katG,68,isoniazid,Catalase-peroxidase; prodrug activation,0.00691
g_katG_2156117_T_C,2156117,T,C,katG,50,isoniazid,Catalase-peroxidase; prodrug activation,0.00508
g_katG_2156173_G_T,2156173,G,T,katG,65,isoniazid,Catalase-peroxidase; prodrug activation,0.0066
g_katG_2156196_G_A,2156196,G,A,katG,217,isoniazid,Catalase-peroxidase; prodrug activation,0.02205
g_mmpL5_775439_C_T,775439,C,T,mmpL5,29,bedaquiline;clofazimine,Efflux pump,0.00295
g_mmpL5_775538_C_A,775538,C,A,mmpL5,28,bedaquiline;clofazimine,Efflux pump,0.00284
g_mmpL5_776100_G_A,776100,G,A,mmpL5,4785,bedaquiline;clofazimine,Efflux pump,0.48618
g_mmpL5_776182_C_T,776182,C,T,mmpL5,2659,bedaquiline;clofazimine,Efflux pump,0.27017
g_mmpL5_776395_A_G,776395,A,G,mmpL5,122,bedaquiline;clofazimine,Efflux pump,0.0124
g_mmpL5_776726_G_A,776726,G,A,mmpL5,25,bedaquiline;clofazimine,Efflux pump,0.00254
g_mmpL5_777416_C_A,777416,C,A,mmpL5,119,bedaquiline;clofazimine,Efflux pump,0.01209
g_mmpL5_777451_C_G,777451,C,G,mmpL5,28,bedaquiline;clofazimine,Efflux pump,0.00284
g_mmpL5_777875_AC_A,777875,AC,A,mmpL5,63,bedaquiline;clofazimine,Efflux pump,0.0064
g_mmpL5_778298_C_T,778298,C,T,mmpL5,44,bedaquiline;clofazimine,Efflux pump,0.00447
g_mmpS5_778743_C_T,778743,C,T,mmpS5,41,bedaquiline;clofazimine,Efflux pump accessory,0.00417
g_mmpS5_778979_C_A,778979,C,A,mmpS5,86,bedaquiline;clofazimine,Efflux pump accessory,0.00874
g_mshA_575127_T_G,575127,T,G,mshA,22,ethionamide;isoniazid,Prodrug activation pathway,0.00224
g_mshA_575368_T_C,575368,T,C,mshA,81,ethionamide;isoniazid,Prodrug activation pathway,0.00823
g_mshA_575679_A_G,575679,A,G,mshA,620,ethionamide;isoniazid,Prodrug activation pathway,0.063
g_mshA_575837_C_T,575837,C,T,mshA,63,ethionamide;isoniazid,Prodrug activation pathway,0.0064
g_mshA_575907_C_T,575907,C,T,mshA,2678,ethionamide;isoniazid,Prodrug activation pathway,0.2721
g_mshA_576000_A_C,576000,A,C,mshA,69,ethionamide;isoniazid,Prodrug activation pathway,0.00701
g_mshA_576077_C_T,576077,C,T,mshA,161,ethionamide;isoniazid,Prodrug activation pathway,0.01636
g_ndh_2101831_C_T,2101831,C,T,ndh,63,isoniazid;ethionamide,NADH dehydrogenase,0.0064
g_ndh_2102193_G_A,2102193,G,A,ndh,20,isoniazid;ethionamide,NADH dehydrogenase,0.00203
g_ndh_2102240_C_T,2102240,C,T,ndh,95,isoniazid;ethionamide,NADH dehydrogenase,0.00965
g_ndh_2102990_A_G,2102990,A,G,ndh,433,isoniazid;ethionamide,NADH dehydrogenase,0.044
g_ndh_2103173_GCCCCC_GCCCC,2103173,GCCCCC,GCCCC,ndh,68,isoniazid;ethionamide,NADH dehydrogenase,0.00691
g_pncA_2288517_G_A,2288517,G,A,pncA,23,pyrazinamide,Pyrazinamidase,0.00234
g_pncA_2288658_T_G,2288658,T,G,pncA,31,pyrazinamide,Pyrazinamidase,0.00315
g_pncA_2288724_TCC_TCCC,2288724,TCC,TCCC,pncA,189,pyrazinamide,Pyrazinamidase,0.0192
g_pncA_2288727_A_G,2288727,A,G,pncA,52,pyrazinamide,Pyrazinamidase,0.00528
g_pncA_2288764_T_G,2288764,T,G,pncA,21,pyrazinamide,Pyrazinamidase,0.00213
g_pncA_2288782_T_C,2288782,T,C,pncA,108,pyrazinamide,Pyrazinamidase,0.01097
g_pncA_2288785_TGG_TGGG,2288785,TGG,TGGG,pncA,253,pyrazinamide,Pyrazinamidase,0.02571
g_pncA_2288790_A_G,2288790,A,G,pncA,76,pyrazinamide,Pyrazinamidase,0.00772
g_pncA_2288805_G_A,2288805,G,A,pncA,27,pyrazinamide,Pyrazinamidase,0.00274
g_pncA_2288805_G_T,2288805,G,T,pncA,20,pyrazinamide,Pyrazinamidase,0.00203
g_pncA_2288820_T_G,2288820,T,G,pncA,36,pyrazinamide,Pyrazinamidase,0.00366
g_pncA_2288826_A_G,2288826,A,G,pncA,43,pyrazinamide,Pyrazinamidase,0.00437
g_pncA_2288832_T_C,2288832,T,C,pncA,21,pyrazinamide,Pyrazinamidase,0.00213
g_pncA_2288839_T_G,2288839,T,G,pncA,68,pyrazinamide,Pyrazinamidase,0.00691
g_pncA_2288844_A_G,2288844,A,G,pncA,95,pyrazinamide,Pyrazinamidase,0.00965
g_pncA_2288847_C_G,2288847,C,G,pncA,60,pyrazinamide,Pyrazinamidase,0.0061
g_pncA_2288850_ACC_ACCCC,2288850,ACC,ACCCC,pncA,63,pyrazinamide,Pyrazinamidase,0.0064
g_pncA_2288852_CACAT_C,2288852,CACAT,C,pncA,22,pyrazinamide,Pyrazinamidase,0.00224
g_pncA_2288868_A_C,2288868,A,C,pncA,40,pyrazinamide,Pyrazinamidase,0.00406
g_pncA_2288883_A_G,2288883,A,G,pncA,29,pyrazinamide,Pyrazinamidase,0.00295
g_pncA_2288930_G_T,2288930,G,T,pncA,24,pyrazinamide,Pyrazinamidase,0.00244
g_pncA_2288933_G_C,2288933,G,C,pncA,33,pyrazinamide,Pyrazinamidase,0.00335
g_pncA_2288937_G_A,2288937,G,A,pncA,56,pyrazinamide,Pyrazinamidase,0.00569
g_pncA_2288952_C_T,2288952,C,T,pncA,60,pyrazinamide,Pyrazinamidase,0.0061
g_pncA_2288953_C_T,2288953,C,T,pncA,28,pyrazinamide,Pyrazinamidase,0.00284
g_pncA_2288953_C_A,2288953,C,A,pncA,36,pyrazinamide,Pyrazinamidase,0.00366
g_pncA_2288955_T_G,2288955,T,G,pncA,20,pyrazinamide,Pyrazinamidase,0.00203
g_pncA_2289016_T_G,2289016,T,G,pncA,83,pyrazinamide,Pyrazinamidase,0.00843
g_pncA_2289031_G_A,2289031,G,A,pncA,47,pyrazinamide,Pyrazinamidase,0.00478
g_pncA_2289038_C_A,2289038,C,A,pncA,38,pyrazinamide,Pyrazinamidase,0.00386
g_pncA_2289040_A_C,2289040,A,C,pncA,109,pyrazinamide,Pyrazinamidase,0.01107
g_pncA_2289040_A_G,2289040,A,G,pncA,26,pyrazinamide,Pyrazinamidase,0.00264
g_pncA_2289047_G_A,2289047,G,A,pncA,690,pyrazinamide,Pyrazinamidase,0.07011
g_pncA_2289067_A_G,2289067,A,G,pncA,53,pyrazinamide,Pyrazinamidase,0.00539
g_pncA_2289068_G_C,2289068,G,C,pncA,24,pyrazinamide,Pyrazinamidase,0.00244
g_pncA_2289072_T_C,2289072,T,C,pncA,23,pyrazinamide,Pyrazinamidase,0.00234
g_pncA_2289073_G_C,2289073,G,C,pncA,91,pyrazinamide,Pyrazinamidase,0.00925
g_pncA_2289081_G_A,2289081,G,A,pncA,47,pyrazinamide,Pyrazinamidase,0.00478
g_pncA_2289090_T_C,2289090,T,C,pncA,107,pyrazinamide,Pyrazinamidase,0.01087
g_pncA_2289091_G_C,2289091,G,C,pncA,63,pyrazinamide,Pyrazinamidase,0.0064
g_pncA_2289096_T_C,2289096,T,C,pncA,86,pyrazinamide,Pyrazinamidase,0.00874
g_pncA_2289099_T_G,2289099,T,G,pncA,56,pyrazinamide,Pyrazinamidase,0.00569
g_pncA_2289142_A_C,2289142,A,C,pncA,116,pyrazinamide,Pyrazinamidase,0.01179
g_pncA_2289180_A_C,2289180,A,C,pncA,20,pyrazinamide,Pyrazinamidase,0.00203
g_pncA_2289202_A_G,2289202,A,G,pncA,72,pyrazinamide,Pyrazinamidase,0.00732
g_pncA_2289207_T_G,2289207,T,G,pncA,44,pyrazinamide,Pyrazinamidase,0.00447
g_pncA_2289213_T_G,2289213,T,G,pncA,126,pyrazinamide,Pyrazinamidase,0.0128
g_pncA_2289213_T_C,2289213,T,C,pncA,73,pyrazinamide,Pyrazinamidase,0.00742
g_pncA_2289220_C_T,2289220,C,T,pncA,31,pyrazinamide,Pyrazinamidase,0.00315
g_pncA_2289222_A_C,2289222,A,C,pncA,32,pyrazinamide,Pyrazinamidase,0.00325
g_pncA_2289226_T_G,2289226,T,G,pncA,124,pyrazinamide,Pyrazinamidase,0.0126
g_pncA_2289231_A_G,2289231,A,G,pncA,47,pyrazinamide,Pyrazinamidase,0.00478
g_pncA_2289252_T_C,2289252,T,C,pncA,194,pyrazinamide,Pyrazinamidase,0.01971
g_pncA_2289252_T_G,2289252,T,G,pncA,29,pyrazinamide,Pyrazinamidase,0.00295
g_pncA_2289365_CGG_CG,2289365,CGG,CG,pncA,850,pyrazinamide,Pyrazinamidase,0.08636
g_ribD_2986827_G_A,2986827,G,A,ribD,568,para-aminosalicylic_acid,Riboflavin biosynthesis,0.05771
g_ribD_2987557_G_A,2987557,G,A,ribD,20,para-aminosalicylic_acid,Riboflavin biosynthesis,0.00203
g_ribD_2987558_T_G,2987558,T,G,ribD,20,para-aminosalicylic_acid,Riboflavin biosynthesis,0.00203
g_ribD_2987641_C_A,2987641,C,A,ribD,302,para-aminosalicylic_acid,Riboflavin biosynthesis,0.03068
g_ribD_2987643_T_G,2987643,T,G,ribD,28,para-aminosalicylic_acid,Riboflavin biosynthesis,0.00284
g_rplC_801009_A_G,801009,A,G,rplC,118,linezolid,50S ribosomal protein L3,0.01199
g_rplC_801354_G_A,801354,G,A,rplC,21,linezolid,50S ribosomal protein L3,0.00213
g_rpoB_759615_A_C,759615,A,C,rpoB,85,rifampicin,RNA polymerase beta subunit; RRDR,0.00864
g_rpoB_759620_A_C,759620,A,C,rpoB,39,rifampicin,RNA polymerase beta subunit; RRDR,0.00396
g_rpoB_759746_C_T,759746,C,T,rpoB,812,rifampicin,RNA polymerase beta subunit; RRDR,0.0825
g_rpoB_759939_C_T,759939,C,T,rpoB,32,rifampicin,RNA polymerase beta subunit; RRDR,0.00325
g_rpoB_760106_G_A,760106,G,A,rpoB,66,rifampicin,RNA polymerase beta subunit; RRDR,0.00671
g_rpoB_760115_C_T,760115,C,T,rpoB,677,rifampicin,RNA polymerase beta subunit; RRDR,0.06879
g_rpoB_760314_G_T,760314,G,T,rpoB,51,rifampicin,RNA polymerase beta subunit; RRDR,0.00518
g_rpoB_760490_C_T,760490,C,T,rpoB,122,rifampicin,RNA polymerase beta subunit; RRDR,0.0124
g_rpoB_760555_A_G,760555,A,G,rpoB,26,rifampicin,RNA polymerase beta subunit; RRDR,0.00264
g_rpoB_760663_C_T,760663,C,T,rpoB,24,rifampicin,RNA polymerase beta subunit; RRDR,0.00244
g_rpoB_760969_C_T,760969,C,T,rpoB,31,rifampicin,RNA polymerase beta subunit; RRDR,0.00315
g_rpoB_761004_A_G,761004,A,G,rpoB,29,rifampicin,RNA polymerase beta subunit; RRDR,0.00295
g_rpoB_761032_A_G,761032,A,G,rpoB,39,rifampicin,RNA polymerase beta subunit; RRDR,0.00396
g_rpoB_761095_T_C,761095,T,C,rpoB,88,rifampicin,RNA polymerase beta subunit; RRDR,0.00894
g_rpoB_761100_C_A,761100,C,A,rpoB,25,rifampicin,RNA polymerase beta subunit; RRDR,0.00254
g_rpoB_761101_A_T,761101,A,T,rpoB,21,rifampicin,RNA polymerase beta subunit; RRDR,0.00213
g_rpoB_761109_G_T,761109,G,T,rpoB,283,rifampicin,RNA polymerase beta subunit; RRDR,0.02875
g_rpoB_761110_A_T,761110,A,T,rpoB,732,rifampicin,RNA polymerase beta subunit; RRDR,0.07438
g_rpoB_761110_A_G,761110,A,G,rpoB,219,rifampicin,RNA polymerase beta subunit; RRDR,0.02225
g_rpoB_761128_C_T,761128,C,T,rpoB,41,rifampicin,RNA polymerase beta subunit; RRDR,0.00417
g_rpoB_761139_C_G,761139,C,G,rpoB,285,rifampicin,RNA polymerase beta subunit; RRDR,0.02896
g_rpoB_761139_C_T,761139,C,T,rpoB,306,rifampicin,RNA polymerase beta subunit; RRDR,0.03109
g_rpoB_761139_C_A,761139,C,A,rpoB,57,rifampicin,RNA polymerase beta subunit; RRDR,0.00579
g_rpoB_761140_A_G,761140,A,G,rpoB,107,rifampicin,RNA polymerase beta subunit; RRDR,0.01087
g_rpoB_761140_A_T,761140,A,T,rpoB,105,rifampicin,RNA polymerase beta subunit; RRDR,0.01067
g_rpoB_761154_T_C,761154,T,C,rpoB,21,rifampicin,RNA polymerase beta subunit; RRDR,0.00213
g_rpoB_761155_C_G,761155,C,G,rpoB,130,rifampicin,RNA polymerase beta subunit; RRDR,0.01321
g_rpoB_761155_C_T,761155,C,T,rpoB,4425,rifampicin,RNA polymerase beta subunit; RRDR,0.4496
g_rpoB_761155_C_A,761155,C,A,rpoB,23,rifampicin,RNA polymerase beta subunit; RRDR,0.00234
g_rpoB_761156_G_C,761156,G,C,rpoB,28,rifampicin,RNA polymerase beta subunit; RRDR,0.00284
g_rpoB_761156_G_T,761156,G,T,rpoB,20,rifampicin,RNA polymerase beta subunit; RRDR,0.00203
g_rpoB_761161_T_C,761161,T,C,rpoB,403,rifampicin,RNA polymerase beta subunit; RRDR,0.04095
g_rpoB_761244_A_G,761244,A,G,rpoB,26,rifampicin,RNA polymerase beta subunit; RRDR,0.00264
g_rpoB_761268_A_G,761268,A,G,rpoB,41,rifampicin,RNA polymerase beta subunit; RRDR,0.00417
g_rpoB_761277_A_T,761277,A,T,rpoB,127,rifampicin,RNA polymerase beta subunit; RRDR,0.0129
g_rpoB_761283_T_A,761283,T,A,rpoB,22,rifampicin,RNA polymerase beta subunit; RRDR,0.00224
g_rpoB_761314_T_C,761314,T,C,rpoB,22,rifampicin,RNA polymerase beta subunit; RRDR,0.00224
g_rpoB_761461_G_T,761461,G,T,rpoB,20,rifampicin,RNA polymerase beta subunit; RRDR,0.00203
g_rpoB_761489_G_A,761489,G,A,rpoB,95,rifampicin,RNA polymerase beta subunit; RRDR,0.00965
g_rpoB_761723_A_C,761723,A,C,rpoB,30,rifampicin,RNA polymerase beta subunit; RRDR,0.00305
g_rpoB_761880_G_A,761880,G,A,rpoB,63,rifampicin,RNA polymerase beta subunit; RRDR,0.0064
g_rpoB_761889_G_C,761889,G,C,rpoB,118,rifampicin,RNA polymerase beta subunit; RRDR,0.01199
g_rpoB_761998_T_C,761998,T,C,rpoB,52,rifampicin,RNA polymerase beta subunit; RRDR,0.00528
g_rpoB_762089_G_C,762089,G,C,rpoB,175,rifampicin,RNA polymerase beta subunit; RRDR,0.01778
g_rpoB_762285_C_T,762285,C,T,rpoB,123,rifampicin,RNA polymerase beta subunit; RRDR,0.0125
g_rpoB_762434_T_G,762434,T,G,rpoB,855,rifampicin,RNA polymerase beta subunit; RRDR,0.08687
g_rpoB_762731_G_T,762731,G,T,rpoB,44,rifampicin,RNA polymerase beta subunit; RRDR,0.00447
g_rpoB_762889_A_G,762889,A,G,rpoB,36,rifampicin,RNA polymerase beta subunit; RRDR,0.00366
g_rpoB_763031_T_C,763031,T,C,rpoB,4790,rifampicin,RNA polymerase beta subunit; RRDR,0.48669
g_rpoB_763123_T_C,763123,T,C,rpoB,176,rifampicin,RNA polymerase beta subunit; RRDR,0.01788
g_rpoC_763531_G_C,763531,G,C,rpoC,82,rifampicin,Compensatory mutations,0.00833
g_rpoC_763552_C_T,763552,C,T,rpoC,81,rifampicin,Compensatory mutations,0.00823
g_rpoC_763555_C_T,763555,C,T,rpoC,91,rifampicin,Compensatory mutations,0.00925
g_rpoC_763884_C_T,763884,C,T,rpoC,546,rifampicin,Compensatory mutations,0.05548
g_rpoC_763886_C_A,763886,C,A,rpoC,546,rifampicin,Compensatory mutations,0.05548
g_rpoC_764181_A_G,764181,A,G,rpoC,48,rifampicin,Compensatory mutations,0.00488
g_rpoC_764363_G_C,764363,G,C,rpoC,49,rifampicin,Compensatory mutations,0.00498
g_rpoC_764363_G_A,764363,G,A,rpoC,28,rifampicin,Compensatory mutations,0.00284
g_rpoC_764616_A_G,764616,A,G,rpoC,24,rifampicin,Compensatory mutations,0.00244
g_rpoC_764660_G_A,764660,G,A,rpoC,29,rifampicin,Compensatory mutations,0.00295
g_rpoC_764666_G_A,764666,G,A,rpoC,38,rifampicin,Compensatory mutations,0.00386
g_rpoC_764703_A_G,764703,A,G,rpoC,28,rifampicin,Compensatory mutations,0.00284
g_rpoC_764714_C_G,764714,C,G,rpoC,21,rifampicin,Compensatory mutations,0.00213
g_rpoC_764723_T_C,764723,T,C,rpoC,29,rifampicin,Compensatory mutations,0.00295
g_rpoC_764724_T_C,764724,T,C,rpoC,29,rifampicin,Compensatory mutations,0.00295
g_rpoC_764810_C_A,764810,C,A,rpoC,56,rifampicin,Compensatory mutations,0.00569
g_rpoC_764817_T_G,764817,T,G,rpoC,302,rifampicin,Compensatory mutations,0.03068
g_rpoC_764817_T_C,764817,T,C,rpoC,146,rifampicin,Compensatory mutations,0.01483
g_rpoC_764819_T_G,764819,T,G,rpoC,40,rifampicin,Compensatory mutations,0.00406
g_rpoC_764822_G_A,764822,G,A,rpoC,38,rifampicin,Compensatory mutations,0.00386
g_rpoC_764822_G_T,764822,G,T,rpoC,78,rifampicin,Compensatory mutations,0.00793
g_rpoC_764840_A_G,764840,A,G,rpoC,115,rifampicin,Compensatory mutations,0.01168
g_rpoC_764841_T_C,764841,T,C,rpoC,209,rifampicin,Compensatory mutations,0.02124
g_rpoC_764888_T_G,764888,T,G,rpoC,34,rifampicin,Compensatory mutations,0.00345
g_rpoC_764916_T_C,764916,T,C,rpoC,79,rifampicin,Compensatory mutations,0.00803
g_rpoC_764918_G_C,764918,G,C,rpoC,23,rifampicin,Compensatory mutations,0.00234
g_rpoC_764948_T_G,764948,T,G,rpoC,53,rifampicin,Compensatory mutations,0.00539
g_rpoC_764995_C_G,764995,C,G,rpoC,1894,rifampicin,Compensatory mutations,0.19244
g_rpoC_765121_G_A,765121,G,A,rpoC,25,rifampicin,Compensatory mutations,0.00254
g_rpoC_765150_G_A,765150,G,A,rpoC,1368,rifampicin,Compensatory mutations,0.139
g_rpoC_765171_C_T,765171,C,T,rpoC,272,rifampicin,Compensatory mutations,0.02764
g_rpoC_765230_G_A,765230,G,A,rpoC,61,rifampicin,Compensatory mutations,0.0062
g_rpoC_765462_A_G,765462,A,G,rpoC,197,rifampicin,Compensatory mutations,0.02002
g_rpoC_765590_C_A,765590,C,A,rpoC,41,rifampicin,Compensatory mutations,0.00417
g_rpoC_765639_A_G,765639,A,G,rpoC,20,rifampicin,Compensatory mutations,0.00203
g_rpoC_766466_G_A,766466,G,A,rpoC,20,rifampicin,Compensatory mutations,0.00203
g_rpoC_766467_A_C,766467,A,C,rpoC,46,rifampicin,Compensatory mutations,0.00467
g_rpoC_766485_T_G,766485,T,G,rpoC,23,rifampicin,Compensatory mutations,0.00234
g_rpoC_766485_T_C,766485,T,C,rpoC,78,rifampicin,Compensatory mutations,0.00793
g_rpoC_766487_C_T,766487,C,T,rpoC,155,rifampicin,Compensatory mutations,0.01575
g_rpoC_766487_C_G,766487,C,G,rpoC,37,rifampicin,Compensatory mutations,0.00376
g_rpoC_766488_C_G,766488,C,G,rpoC,63,rifampicin,Compensatory mutations,0.0064
g_rpoC_766500_C_T,766500,C,T,rpoC,29,rifampicin,Compensatory mutations,0.00295
g_rpoC_766645_A_C,766645,A,C,rpoC,1055,rifampicin,Compensatory mutations,0.10719
g_rpoC_766823_A_C,766823,A,C,rpoC,20,rifampicin,Compensatory mutations,0.00203
g_rpoC_767123_G_T,767123,G,T,rpoC,93,rifampicin,Compensatory mutations,0.00945
g_rpoC_767123_G_A,767123,G,A,rpoC,23,rifampicin,Compensatory mutations,0.00234
g_rpoC_767339_A_G,767339,A,G,rpoC,851,rifampicin,Compensatory mutations,0.08647
g_rpoC_767366_C_T,767366,C,T,rpoC,115,rifampicin,Compensatory mutations,0.01168
g_rpoC_767414_G_A,767414,G,A,rpoC,6481,rifampicin,Compensatory mutations,0.6585
g_rpoC_767416_T_C,767416,T,C,rpoC,84,rifampicin,Compensatory mutations,0.00853
g_rpoC_767480_C_G,767480,C,G,rpoC,120,rifampicin,Compensatory mutations,0.01219
g_rpoC_767516_G_T,767516,G,T,rpoC,177,rifampicin,Compensatory mutations,0.01798
g_rpsA_1833749_A_C,1833749,A,C,rpsA,29,pyrazinamide,Ribosomal protein S1,0.00295
g_rpsA_1833909_A_C,1833909,A,C,rpsA,99,pyrazinamide,Ribosomal protein S1,0.01006
g_rpsA_1834177_A_C,1834177,A,C,rpsA,3293,pyrazinamide,Ribosomal protein S1,0.33459
g_rpsA_1834319_G_A,1834319,G,A,rpsA,31,pyrazinamide,Ribosomal protein S1,0.00315
g_rpsA_1834378_T_C,1834378,T,C,rpsA,20,pyrazinamide,Ribosomal protein S1,0.00203
g_rpsA_1834683_C_T,1834683,C,T,rpsA,96,pyrazinamide,Ribosomal protein S1,0.00975
g_rpsA_1834776_C_T,1834776,C,T,rpsA,21,pyrazinamide,Ribosomal protein S1,0.00213
g_rpsA_1834836_T_C,1834836,T,C,rpsA,304,pyrazinamide,Ribosomal protein S1,0.03089
g_rpsA_1834859_G_A,1834859,G,A,rpsA,68,pyrazinamide,Ribosomal protein S1,0.00691
g_rpsA_1834972_C_T,1834972,C,T,rpsA,25,pyrazinamide,Ribosomal protein S1,0.00254
g_rpsA_1834985_TG_TGG,1834985,TG,TGG,rpsA,62,pyrazinamide,Ribosomal protein S1,0.0063
g_rpsL_781406_GC_GCC,781406,GC,GCC,rpsL,97,streptomycin,Ribosomal protein S12,0.00986
g_rpsL_781421_C_A,781421,C,A,rpsL,141,streptomycin,Ribosomal protein S12,0.01433
g_rpsL_781435_G_C,781435,G,C,rpsL,149,streptomycin,Ribosomal protein S12,0.01514
g_rpsL_781687_A_G,781687,A,G,rpsL,2548,streptomycin,Ribosomal protein S12,0.25889
g_rpsL_781822_A_G,781822,A,G,rpsL,479,streptomycin,Ribosomal protein S12,0.04867
g_rpsL_781822_A_C,781822,A,C,rpsL,80,streptomycin,Ribosomal protein S12,0.00813
g_rpsL_781937_C_T,781937,C,T,rpsL,27,streptomycin,Ribosomal protein S12,0.00274
g_rrl_1473836_A_G,1473836,A,G,rrl,20,linezolid,23S rRNA,0.00203
g_rrl_1473876_G_A,1473876,G,A,rrl,25,linezolid,23S rRNA,0.00254
g_rrl_1474001_C_T,1474001,C,T,rrl,495,linezolid,23S rRNA,0.05029
g_rrl_1474218_T_A,1474218,T,A,rrl,45,linezolid,23S rRNA,0.00457
g_rrl_1474228_T_C,1474228,T,C,rrl,32,linezolid,23S rRNA,0.00325
g_rrl_1474249_G_T,1474249,G,T,rrl,35,linezolid,23S rRNA,0.00356
g_rrl_1474252_T_A,1474252,T,A,rrl,38,linezolid,23S rRNA,0.00386
g_rrl_1474294_C_G,1474294,C,G,rrl,58,linezolid,23S rRNA,0.00589
g_rrl_1474362_A_G,1474362,A,G,rrl,27,linezolid,23S rRNA,0.00274
g_rrl_1474639_G_A,1474639,G,A,rrl,53,linezolid,23S rRNA,0.00539
g_rrl_1474709_G_T,1474709,G,T,rrl,31,linezolid,23S rRNA,0.00315
g_rrl_1474760_A_G,1474760,A,G,rrl,25,linezolid,23S rRNA,0.00254
g_rrl_1474794_C_T,1474794,C,T,rrl,22,linezolid,23S rRNA,0.00224
g_rrl_1474812_G_A,1474812,G,A,rrl,21,linezolid,23S rRNA,0.00213
g_rrl_1474823_C_G,1474823,C,G,rrl,37,linezolid,23S rRNA,0.00376
g_rrl_1474827_C_T,1474827,C,T,rrl,35,linezolid,23S rRNA,0.00356
g_rrl_1474830_A_T,1474830,A,T,rrl,20,linezolid,23S rRNA,0.00203
g_rrl_1474831_A_T,1474831,A,T,rrl,23,linezolid,23S rRNA,0.00234
g_rrl_1474844_G_T,1474844,G,T,rrl,38,linezolid,23S rRNA,0.00386
g_rrl_1474864_C_T,1474864,C,T,rrl,30,linezolid,23S rRNA,0.00305
g_rrl_1474866_C_A,1474866,C,A,rrl,39,linezolid,23S rRNA,0.00396
g_rrl_1474869_G_T,1474869,G,T,rrl,50,linezolid,23S rRNA,0.00508
g_rrl_1474896_A_G,1474896,A,G,rrl,35,linezolid,23S rRNA,0.00356
g_rrl_1474902_T_C,1474902,T,C,rrl,26,linezolid,23S rRNA,0.00264
g_rrl_1474904_G_C,1474904,G,C,rrl,42,linezolid,23S rRNA,0.00427
g_rrl_1474913_T_A,1474913,T,A,rrl,25,linezolid,23S rRNA,0.00254
g_rrl_1475241_C_G,1475241,C,G,rrl,22,linezolid,23S rRNA,0.00224
g_rrl_1475574_C_A,1475574,C,A,rrl,53,linezolid,23S rRNA,0.00539
g_rrl_1475673_T_C,1475673,T,C,rrl,30,linezolid,23S rRNA,0.00305
g_rrl_1475687_C_T,1475687,C,T,rrl,22,linezolid,23S rRNA,0.00224
g_rrl_1475696_T_C,1475696,T,C,rrl,20,linezolid,23S rRNA,0.00203
g_rrl_1475703_A_G,1475703,A,G,rrl,21,linezolid,23S rRNA,0.00213
g_rrl_1475713_C_G,1475713,C,G,rrl,29,linezolid,23S rRNA,0.00295
g_rrl_1475716_A_G,1475716,A,G,rrl,34,linezolid,23S rRNA,0.00345
g_rrl_1475803_T_C,1475803,T,C,rrl,63,linezolid,23S rRNA,0.0064
g_rrl_1475804_G_C,1475804,G,C,rrl,63,linezolid,23S rRNA,0.0064
g_rrl_1475816_C_G,1475816,C,G,rrl,75,linezolid,23S rRNA,0.00762
g_rrl_1475817_A_G,1475817,A,G,rrl,72,linezolid,23S rRNA,0.00732
g_rrl_1475858_T_C,1475858,T,C,rrl,48,linezolid,23S rRNA,0.00488
g_rrl_1475866_T_A,1475866,T,A,rrl,39,linezolid,23S rRNA,0.00396
g_rrl_1476056_G_A,1476056,G,A,rrl,417,linezolid,23S rRNA,0.04237
g_rrl_1476135_T_C,1476135,T,C,rrl,21,linezolid,23S rRNA,0.00213
g_rrl_1476141_A_G,1476141,A,G,rrl,37,linezolid,23S rRNA,0.00376
g_rrl_1476153_T_C,1476153,T,C,rrl,39,linezolid,23S rRNA,0.00396
g_rrl_1476165_T_G,1476165,T,G,rrl,24,linezolid,23S rRNA,0.00244
g_rrl_1476194_A_G,1476194,A,G,rrl,24,linezolid,23S rRNA,0.00244
g_rrl_1476200_A_T,1476200,A,T,rrl,21,linezolid,23S rRNA,0.00213
g_rrl_1476201_C_T,1476201,C,T,rrl,20,linezolid,23S rRNA,0.00203
g_rrl_1476224_A_G,1476224,A,G,rrl,21,linezolid,23S rRNA,0.00213
g_rrl_1476225_T_G,1476225,T,G,rrl,32,linezolid,23S rRNA,0.00325
g_rrl_1476251_T_C,1476251,T,C,rrl,50,linezolid,23S rRNA,0.00508
g_rrl_1476260_A_G,1476260,A,G,rrl,68,linezolid,23S rRNA,0.00691
g_rrl_1476280_A_C,1476280,A,C,rrl,48,linezolid,23S rRNA,0.00488
g_rrl_1476294_A_G,1476294,A,G,rrl,20,linezolid,23S rRNA,0.00203
g_rrl_1476296_C_T,1476296,C,T,rrl,21,linezolid,23S rRNA,0.00213
g_rrl_1476297_C_T,1476297,C,T,rrl,21,linezolid,23S rRNA,0.00213
g_rrl_1476311_G_C,1476311,G,C,rrl,22,linezolid,23S rRNA,0.00224
g_rrl_1476312_T_C,1476312,T,C,rrl,25,linezolid,23S rRNA,0.00254
g_rrl_1476313_G_A,1476313,G,A,rrl,22,linezolid,23S rRNA,0.00224
g_rrl_1476332_G_C,1476332,G,C,rrl,55,linezolid,23S rRNA,0.00559
g_rrl_1476336_C_T,1476336,C,T,rrl,28,linezolid,23S rRNA,0.00284
g_rrl_1476338_C_T,1476338,C,T,rrl,31,linezolid,23S rRNA,0.00315
g_rrl_1476353_G_T,1476353,G,T,rrl,54,linezolid,23S rRNA,0.00549
g_rrl_1476358_T_C,1476358,T,C,rrl,78,linezolid,23S rRNA,0.00793
g_rrl_1476359_C_G,1476359,C,G,rrl,38,linezolid,23S rRNA,0.00386
g_rrl_1476369_C_T,1476369,C,T,rrl,45,linezolid,23S rRNA,0.00457
g_rrl_1476372_T_C,1476372,T,C,rrl,59,linezolid,23S rRNA,0.00599
g_rrl_1476381_G_C,1476381,G,C,rrl,43,linezolid,23S rRNA,0.00437
g_rrl_1476382_A_G,1476382,A,G,rrl,84,linezolid,23S rRNA,0.00853
g_rrl_1476383_T_A,1476383,T,A,rrl,60,linezolid,23S rRNA,0.0061
g_rrl_1476408_G_A,1476408,G,A,rrl,83,linezolid,23S rRNA,0.00843
g_rrl_1476411_G_A,1476411,G,A,rrl,23,linezolid,23S rRNA,0.00234
g_rrl_1476425_G_A,1476425,G,A,rrl,34,linezolid,23S rRNA,0.00345
g_rrl_1476425_G_T,1476425,G,T,rrl,59,linezolid,23S rRNA,0.00599
g_rrl_1476428_C_T,1476428,C,T,rrl,99,linezolid,23S rRNA,0.01006
g_rrl_1476429_A_C,1476429,A,C,rrl,79,linezolid,23S rRNA,0.00803
g_rrl_1476442_T_A,1476442,T,A,rrl,29,linezolid,23S rRNA,0.00295
g_rrl_1476443_G_T,1476443,G,T,rrl,34,linezolid,23S rRNA,0.00345
g_rrl_1476455_C_A,1476455,C,A,rrl,30,linezolid,23S rRNA,0.00305
g_rrl_1476456_A_T,1476456,A,T,rrl,30,linezolid,23S rRNA,0.00305
g_rrl_1476463_C_T,1476463,C,T,rrl,25,linezolid,23S rRNA,0.00254
g_rrl_1476466_C_T,1476466,C,T,rrl,97,linezolid,23S rRNA,0.00986
g_rrl_1476481_T_C,1476481,T,C,rrl,103,linezolid,23S rRNA,0.01047
g_rrl_1476506_T_C,1476506,T,C,rrl,91,linezolid,23S rRNA,0.00925
g_rrl_1476540_C_G,1476540,C,G,rrl,21,linezolid,23S rRNA,0.00213
g_rrl_1476547_C_T,1476547,C,T,rrl,32,linezolid,23S rRNA,0.00325
g_rrl_1476567_C_T,1476567,C,T,rrl,35,linezolid,23S rRNA,0.00356
g_rrl_1476584_C_T,1476584,C,T,rrl,27,linezolid,23S rRNA,0.00274
g_rrs_1471896_T_C,1471896,T,C,rrs,42,amikacin;kanamycin;streptomycin;capreomycin,16S rRNA,0.00427
g_rrs_1471900_C_T,1471900,C,T,rrs,36,amikacin;kanamycin;streptomycin;capreomycin,16S rRNA,0.00366
g_rrs_1472106_G_A,1472106,G,A,rrs,26,amikacin;kanamycin;streptomycin;capreomycin,16S rRNA,0.00264
g_rrs_1472127_C_T,1472127,C,T,rrs,29,amikacin;kanamycin;streptomycin;capreomycin,16S rRNA,0.00295
g_rrs_1472129_G_C,1472129,G,C,rrs,28,amikacin;kanamycin;streptomycin;capreomycin,16S rRNA,0.00284
g_rrs_1472137_G_A,1472137,G,A,rrs,42,amikacin;kanamycin;streptomycin;capreomycin,16S rRNA,0.00427
g_rrs_1472150_T_A,1472150,T,A,rrs,67,amikacin;kanamycin;streptomycin;capreomycin,16S rRNA,0.00681
g_rrs_1472151_C_T,1472151,C,T,rrs,42,amikacin;kanamycin;streptomycin;capreomycin,16S rRNA,0.00427
g_rrs_1472164_G_A,1472164,G,A,rrs,25,amikacin;kanamycin;streptomycin;capreomycin,16S rRNA,0.00254
g_rrs_1472172_T_C,1472172,T,C,rrs,112,amikacin;kanamycin;streptomycin;capreomycin,16S rRNA,0.01138
g_rrs_1472177_C_T,1472177,C,T,rrs,27,amikacin;kanamycin;streptomycin;capreomycin,16S rRNA,0.00274
g_rrs_1472203_G_A,1472203,G,A,rrs,47,amikacin;kanamycin;streptomycin;capreomycin,16S rRNA,0.00478
g_rrs_1472210_A_C,1472210,A,C,rrs,21,amikacin;kanamycin;streptomycin;capreomycin,16S rRNA,0.00213
g_rrs_1472213_G_C,1472213,G,C,rrs,20,amikacin;kanamycin;streptomycin;capreomycin,16S rRNA,0.00203
g_rrs_1472225_C_A,1472225,C,A,rrs,24,amikacin;kanamycin;streptomycin;capreomycin,16S rRNA,0.00244
g_rrs_1472251_G_A,1472251,G,A,rrs,20,amikacin;kanamycin;streptomycin;capreomycin,16S rRNA,0.00203
g_rrs_1472259_C_A,1472259,C,A,rrs,20,amikacin;kanamycin;streptomycin;capreomycin,16S rRNA,0.00203
g_rrs_1472337_C_T,1472337,C,T,rrs,248,amikacin;kanamycin;streptomycin;capreomycin,16S rRNA,0.0252
g_rrs_1472344_C_T,1472344,C,T,rrs,58,amikacin;kanamycin;streptomycin;capreomycin,16S rRNA,0.00589
g_rrs_1472358_C_T,1472358,C,T,rrs,38,amikacin;kanamycin;streptomycin;capreomycin,16S rRNA,0.00386
g_rrs_1472359_A_C,1472359,A,C,rrs,574,amikacin;kanamycin;streptomycin;capreomycin,16S rRNA,0.05832
g_rrs_1472359_A_T,1472359,A,T,rrs,25,amikacin;kanamycin;streptomycin;capreomycin,16S rRNA,0.00254
g_rrs_1472362_C_T,1472362,C,T,rrs,427,amikacin;kanamycin;streptomycin;capreomycin,16S rRNA,0.04339
g_rrs_1472378_G_T,1472378,G,T,rrs,41,amikacin;kanamycin;streptomycin;capreomycin,16S rRNA,0.00417
g_rrs_1472379_T_G,1472379,T,G,rrs,37,amikacin;kanamycin;streptomycin;capreomycin,16S rRNA,0.00376
g_rrs_1472379_T_C,1472379,T,C,rrs,22,amikacin;kanamycin;streptomycin;capreomycin,16S rRNA,0.00224
g_rrs_1472382_G_A,1472382,G,A,rrs,61,amikacin;kanamycin;streptomycin;capreomycin,16S rRNA,0.0062
g_rrs_1472389_G_A,1472389,G,A,rrs,33,amikacin;kanamycin;streptomycin;capreomycin,16S rRNA,0.00335
g_rrs_1472391_C_T,1472391,C,T,rrs,21,amikacin;kanamycin;streptomycin;capreomycin,16S rRNA,0.00213
g_rrs_1472400_C_T,1472400,C,T,rrs,63,amikacin;kanamycin;streptomycin;capreomycin,16S rRNA,0.0064
g_rrs_1472422_T_C,1472422,T,C,rrs,22,amikacin;kanamycin;streptomycin;capreomycin,16S rRNA,0.00224
g_rrs_1472507_C_G,1472507,C,G,rrs,24,amikacin;kanamycin;streptomycin;capreomycin,16S rRNA,0.00244
g_rrs_1472517_T_A,1472517,T,A,rrs,35,amikacin;kanamycin;streptomycin;capreomycin,16S rRNA,0.00356
g_rrs_1472518_G_T,1472518,G,T,rrs,23,amikacin;kanamycin;streptomycin;capreomycin,16S rRNA,0.00234
g_rrs_1472530_G_A,1472530,G,A,rrs,50,amikacin;kanamycin;streptomycin;capreomycin,16S rRNA,0.00508
g_rrs_1472537_C_T,1472537,C,T,rrs,47,amikacin;kanamycin;streptomycin;capreomycin,16S rRNA,0.00478
g_rrs_1472541_T_G,1472541,T,G,rrs,20,amikacin;kanamycin;streptomycin;capreomycin,16S rRNA,0.00203
g_rrs_1472544_C_A,1472544,C,A,rrs,35,amikacin;kanamycin;streptomycin;capreomycin,16S rRNA,0.00356
g_rrs_1472545_A_T,1472545,A,T,rrs,51,amikacin;kanamycin;streptomycin;capreomycin,16S rRNA,0.00518
g_rrs_1472557_G_A,1472557,G,A,rrs,37,amikacin;kanamycin;streptomycin;capreomycin,16S rRNA,0.00376
g_rrs_1472566_G_A,1472566,G,A,rrs,28,amikacin;kanamycin;streptomycin;capreomycin,16S rRNA,0.00284
g_rrs_1472570_G_A,1472570,G,A,rrs,29,amikacin;kanamycin;streptomycin;capreomycin,16S rRNA,0.00295
g_rrs_1472571_G_C,1472571,G,C,rrs,69,amikacin;kanamycin;streptomycin;capreomycin,16S rRNA,0.00701
g_rrs_1472579_G_T,1472579,G,T,rrs,43,amikacin;kanamycin;streptomycin;capreomycin,16S rRNA,0.00437
g_rrs_1472581_A_T,1472581,A,T,rrs,71,amikacin;kanamycin;streptomycin;capreomycin,16S rRNA,0.00721
g_rrs_1472598_A_C,1472598,A,C,rrs,65,amikacin;kanamycin;streptomycin;capreomycin,16S rRNA,0.0066
g_rrs_1472598_A_T,1472598,A,T,rrs,22,amikacin;kanamycin;streptomycin;capreomycin,16S rRNA,0.00224
g_rrs_1472599_G_T,1472599,G,T,rrs,37,amikacin;kanamycin;streptomycin;capreomycin,16S rRNA,0.00376
g_rrs_1472616_G_A,1472616,G,A,rrs,92,amikacin;kanamycin;streptomycin;capreomycin,16S rRNA,0.00935
g_rrs_1472655_G_A,1472655,G,A,rrs,21,amikacin;kanamycin;streptomycin;capreomycin,16S rRNA,0.00213
g_rrs_1472697_T_C,1472697,T,C,rrs,23,amikacin;kanamycin;streptomycin;capreomycin,16S rRNA,0.00234
g_rrs_1472713_T_C,1472713,T,C,rrs,75,amikacin;kanamycin;streptomycin;capreomycin,16S rRNA,0.00762
g_rrs_1472716_C_T,1472716,C,T,rrs,74,amikacin;kanamycin;streptomycin;capreomycin,16S rRNA,0.00752
g_rrs_1472723_G_A,1472723,G,A,rrs,114,amikacin;kanamycin;streptomycin;capreomycin,16S rRNA,0.01158
g_rrs_1472733_G_A,1472733,G,A,rrs,58,amikacin;kanamycin;streptomycin;capreomycin,16S rRNA,0.00589
g_rrs_1472734_C_T,1472734,C,T,rrs,27,amikacin;kanamycin;streptomycin;capreomycin,16S rRNA,0.00274
g_rrs_1472741_G_A,1472741,G,A,rrs,30,amikacin;kanamycin;streptomycin;capreomycin,16S rRNA,0.00305
g_rrs_1472742_C_T,1472742,C,T,rrs,87,amikacin;kanamycin;streptomycin;capreomycin,16S rRNA,0.00884
g_rrs_1472744_A_G,1472744,A,G,rrs,109,amikacin;kanamycin;streptomycin;capreomycin,16S rRNA,0.01107
g_rrs_1472751_A_G,1472751,A,G,rrs,54,amikacin;kanamycin;streptomycin;capreomycin,16S rRNA,0.00549
g_rrs_1472753_A_C,1472753,A,C,rrs,24,amikacin;kanamycin;streptomycin;capreomycin,16S rRNA,0.00244
g_rrs_1472767_G_A,1472767,G,A,rrs,42,amikacin;kanamycin;streptomycin;capreomycin,16S rRNA,0.00427
g_rrs_1472781_C_T,1472781,C,T,rrs,140,amikacin;kanamycin;streptomycin;capreomycin,16S rRNA,0.01422
g_rrs_1472793_A_T,1472793,A,T,rrs,133,amikacin;kanamycin;streptomycin;capreomycin,16S rRNA,0.01351
g_rrs_1472803_T_A,1472803,T,A,rrs,107,amikacin;kanamycin;streptomycin;capreomycin,16S rRNA,0.01087
g_rrs_1472824_T_A,1472824,T,A,rrs,22,amikacin;kanamycin;streptomycin;capreomycin,16S rRNA,0.00224
g_rrs_1472828_T_C,1472828,T,C,rrs,31,amikacin;kanamycin;streptomycin;capreomycin,16S rRNA,0.00315
g_rrs_1472887_G_C,1472887,G,C,rrs,29,amikacin;kanamycin;streptomycin;capreomycin,16S rRNA,0.00295
g_rrs_1472895_C_T,1472895,C,T,rrs,84,amikacin;kanamycin;streptomycin;capreomycin,16S rRNA,0.00853
g_rrs_1472920_GTT_GTTT,1472920,GTT,GTTT,rrs,21,amikacin;kanamycin;streptomycin;capreomycin,16S rRNA,0.00213
g_rrs_1472956_T_C,1472956,T,C,rrs,22,amikacin;kanamycin;streptomycin;capreomycin,16S rRNA,0.00224
g_rrs_1472957_C_T,1472957,C,T,rrs,26,amikacin;kanamycin;streptomycin;capreomycin,16S rRNA,0.00264
g_rrs_1472990_A_G,1472990,A,G,rrs,20,amikacin;kanamycin;streptomycin;capreomycin,16S rRNA,0.00203
g_rrs_1473035_G_A,1473035,G,A,rrs,77,amikacin;kanamycin;streptomycin;capreomycin,16S rRNA,0.00782
g_rrs_1473044_C_G,1473044,C,G,rrs,24,amikacin;kanamycin;streptomycin;capreomycin,16S rRNA,0.00244
g_rrs_1473053_T_A,1473053,T,A,rrs,55,amikacin;kanamycin;streptomycin;capreomycin,16S rRNA,0.00559
g_rrs_1473055_C_T,1473055,C,T,rrs,26,amikacin;kanamycin;streptomycin;capreomycin,16S rRNA,0.00264
g_rrs_1473056_A_T,1473056,A,T,rrs,68,amikacin;kanamycin;streptomycin;capreomycin,16S rRNA,0.00691
g_rrs_1473062_T_A,1473062,T,A,rrs,58,amikacin;kanamycin;streptomycin;capreomycin,16S rRNA,0.00589
g_rrs_1473066_A_G,1473066,A,G,rrs,21,amikacin;kanamycin;streptomycin;capreomycin,16S rRNA,0.00213
g_rrs_1473068_A_G,1473068,A,G,rrs,55,amikacin;kanamycin;streptomycin;capreomycin,16S rRNA,0.00559
g_rrs_1473121_T_C,1473121,T,C,rrs,22,amikacin;kanamycin;streptomycin;capreomycin,16S rRNA,0.00224
g_rrs_1473145_C_T,1473145,C,T,rrs,30,amikacin;kanamycin;streptomycin;capreomycin,16S rRNA,0.00305
g_rrs_1473163_C_T,1473163,C,T,rrs,22,amikacin;kanamycin;streptomycin;capreomycin,16S rRNA,0.00224
g_rrs_1473166_G_A,1473166,G,A,rrs,35,amikacin;kanamycin;streptomycin;capreomycin,16S rRNA,0.00356
g_rrs_1473177_G_A,1473177,G,A,rrs,56,amikacin;kanamycin;streptomycin;capreomycin,16S rRNA,0.00569
g_rrs_1473192_A_G,1473192,A,G,rrs,55,amikacin;kanamycin;streptomycin;capreomycin,16S rRNA,0.00559
g_rrs_1473205_T_C,1473205,T,C,rrs,42,amikacin;kanamycin;streptomycin;capreomycin,16S rRNA,0.00427
g_rrs_1473226_C_T,1473226,C,T,rrs,28,amikacin;kanamycin;streptomycin;capreomycin,16S rRNA,0.00284
g_rrs_1473246_A_G,1473246,A,G,rrs,1536,amikacin;kanamycin;streptomycin;capreomycin,16S rRNA,0.15607
g_rrs_1473314_A_C,1473314,A,C,rrs,29,amikacin;kanamycin;streptomycin;capreomycin,16S rRNA,0.00295
g_rrs_1473329_G_T,1473329,G,T,rrs,30,amikacin;kanamycin;streptomycin;capreomycin,16S rRNA,0.00305
g_rrs_1473352_C_T,1473352,C,T,rrs,58,amikacin;kanamycin;streptomycin;capreomycin,16S rRNA,0.00589
g_thyA_3073679_C_A,3073679,C,A,thyA,110,para-aminosalicylic_acid,Thymidylate synthase A,0.01118
g_thyA_3073715_G_C,3073715,G,C,thyA,229,para-aminosalicylic_acid,Thymidylate synthase A,0.02327
g_thyA_3073806_G_C,3073806,G,C,thyA,29,para-aminosalicylic_acid,Thymidylate synthase A,0.00295
g_thyA_3073852_T_C,3073852,T,C,thyA,20,para-aminosalicylic_acid,Thymidylate synthase A,0.00203
g_thyA_3073868_T_C,3073868,T,C,thyA,1881,para-aminosalicylic_acid,Thymidylate synthase A,0.19112
g_thyA_3073979_G_A,3073979,G,A,thyA,25,para-aminosalicylic_acid,Thymidylate synthase A,0.00254
g_thyA_3074122_T_C,3074122,T,C,thyA,41,para-aminosalicylic_acid,Thymidylate synthase A,0.00417
g_thyA_3074495_G_A,3074495,G,A,thyA,92,para-aminosalicylic_acid,Thymidylate synthase A,0.00935
g_thyA_3074588_T_C,3074588,T,C,thyA,30,para-aminosalicylic_acid,Thymidylate synthase A,0.00305
g_thyA_3074641_G_A,3074641,G,A,thyA,32,para-aminosalicylic_acid,Thymidylate synthase A,0.00325
g_thyA_3074645_A_C,3074645,A,C,thyA,61,para-aminosalicylic_acid,Thymidylate synthase A,0.0062
g_thyA_3074648_A_C,3074648,A,C,thyA,49,para-aminosalicylic_acid,Thymidylate synthase A,0.00498
g_thyX_3067039_A_G,3067039,A,G,thyX,38,para-aminosalicylic_acid,Thymidylate synthase,0.00386
g_thyX_3067474_G_C,3067474,G,C,thyX,28,para-aminosalicylic_acid,Thymidylate synthase,0.00284
g_thyX_3067949_G_A,3067949,G,A,thyX,33,para-aminosalicylic_acid,Thymidylate synthase,0.00335
g_thyX_3067954_C_T,3067954,C,T,thyX,31,para-aminosalicylic_acid,Thymidylate synthase,0.00315
g_thyX_3067961_G_A,3067961,G,A,thyX,157,para-aminosalicylic_acid,Thymidylate synthase,0.01595
g_tlyA_1917972_A_G,1917972,A,G,tlyA,9738,capreomycin,rRNA methyltransferase,0.98943
g_tlyA_1918790_C_G,1918790,C,G,tlyA,43,capreomycin,rRNA methyltransferase,0.00437
g_ubiA_4269089_C_T,4269089,C,T,ubiA,51,ethambutol,Decaprenylphosphoryl-ribose synthesis,0.00518
g_ubiA_4269124_G_A,4269124,G,A,ubiA,53,ethambutol,Decaprenylphosphoryl-ribose synthesis,0.00539
g_ubiA_4269133_C_A,4269133,C,A,ubiA,34,ethambutol,Decaprenylphosphoryl-ribose synthesis,0.00345
g_ubiA_4269148_A_G,4269148,A,G,ubiA,20,ethambutol,Decaprenylphosphoryl-ribose synthesis,0.00203
g_ubiA_4269271_A_G,4269271,A,G,ubiA,187,ethambutol,Decaprenylphosphoryl-ribose synthesis,0.019
g_ubiA_4269296_T_C,4269296,T,C,ubiA,42,ethambutol,Decaprenylphosphoryl-ribose synthesis,0.00427
g_ubiA_4269308_A_G,4269308,A,G,ubiA,81,ethambutol,Decaprenylphosphoryl-ribose synthesis,0.00823
g_ubiA_4269313_T_G,4269313,T,G,ubiA,23,ethambutol,Decaprenylphosphoryl-ribose synthesis,0.00234
g_ubiA_4269317_A_C,4269317,A,C,ubiA,28,ethambutol,Decaprenylphosphoryl-ribose synthesis,0.00284
g_ubiA_4269351_G_A,4269351,G,A,ubiA,101,ethambutol,Decaprenylphosphoryl-ribose synthesis,0.01026
g_ubiA_4269375_C_T,4269375,C,T,ubiA,20,ethambutol,Decaprenylphosphoryl-ribose synthesis,0.00203
g_ubiA_4269387_T_G,4269387,T,G,ubiA,656,ethambutol,Decaprenylphosphoryl-ribose synthesis,0.06665
g_ubiA_4269522_G_A,4269522,G,A,ubiA,27,ethambutol,Decaprenylphosphoryl-ribose synthesis,0.00274
g_ubiA_4269540_G_A,4269540,G,A,ubiA,40,ethambutol,Decaprenylphosphoryl-ribose synthesis,0.00406
g_ubiA_4269606_A_G,4269606,A,G,ubiA,655,ethambutol,Decaprenylphosphoryl-ribose synthesis,0.06655
g_ubiA_4269721_G_A,4269721,G,A,ubiA,21,ethambutol,Decaprenylphosphoryl-ribose synthesis,0.00213
g_ubiA_4269731_C_A,4269731,C,A,ubiA,56,ethambutol,Decaprenylphosphoryl-ribose synthesis,0.00569
g_ubiA_4269864_GCCCCC_GCCCC,4269864,GCCCCC,GCCCC,ubiA,68,ethambutol,Decaprenylphosphoryl-ribose synthesis,0.00691
g_ubiA_4270171_G_T,4270171,G,T,ubiA,29,ethambutol,Decaprenylphosphoryl-ribose synthesis,0.00295
g_ubiA_4270177_G_C,4270177,G,C,ubiA,51,ethambutol,Decaprenylphosphoryl-ribose synthesis,0.00518
g_ubiA_4270281_G_C,4270281,G,C,ubiA,81,ethambutol,Decaprenylphosphoryl-ribose synthesis,0.00823
g_whiB6_4338203_G_A,4338203,G,A,whiB6,169,multiple,Regulator,0.01717
g_whiB6_4338242_G_C,4338242,G,C,whiB6,31,multiple,Regulator,0.00315
g_whiB6_4338326_C_T,4338326,C,T,whiB6,21,multiple,Regulator,0.00213
g_whiB6_4338361_C_T,4338361,C,T,whiB6,89,multiple,Regulator,0.00904
g_whiB6_4338365_A_G,4338365,A,G,whiB6,23,multiple,Regulator,0.00234
g_whiB6_4338371_T_G,4338371,T,G,whiB6,551,multiple,Regulator,0.05598
g_whiB6_4338409_G_A,4338409,G,A,whiB6,21,multiple,Regulator,0.00213
g_whiB6_4338513_G_A,4338513,G,A,whiB6,20,multiple,Regulator,0.00203
g_whiB6_4338563_C_A,4338563,C,A,whiB6,286,multiple,Regulator,0.02906
g_whiB6_4338593_GA_G,4338593,GA,G,whiB6,54,multiple,Regulator,0.00549
g_whiB6_4338595_GC_G,4338595,GC,G,whiB6,9560,multiple,Regulator,0.97135
g_whiB6_4338595_GCTCT_GTCT,4338595,GCTCT,GTCT,whiB6,29,multiple,Regulator,0.00295
g_whiB6_4338596_C_G,4338596,C,G,whiB6,54,multiple,Regulator,0.00549
g_whiB6_4338599_T_G,4338599,T,G,whiB6,21,multiple,Regulator,0.00213
g_whiB6_4338600_A_G,4338600,A,G,whiB6,59,multiple,Regulator,0.00599
g_whiB6_4338603_G_A,4338603,G,A,whiB6,502,multiple,Regulator,0.05101
g_whiB6_4338635_T_G,4338635,T,G,whiB6,41,multiple,Regulator,0.00417
g_whiB6_4338732_G_A,4338732,G,A,whiB6,9088,multiple,Regulator,0.92339
g_whiB6_4338794_T_C,4338794,T,C,whiB6,271,multiple,Regulator,0.02754
